ProductID,Category,Sub-Category,ProductName,ProductID_Key
FUR-TA-10000577,Furniture,Tables,Bretford CR4500 Series Slim Rectangular Table,1
OFF-ST-10000760,Office Supplies,Storage,Eldon Fold 'N Roll Cart System,2
OFF-AP-10002311,Office Supplies,Appliances,"Holmes Replacement Filter for HEPA Air Cleaner, Very Large Room, HEPA Filter",3
OFF-BI-10000756,Office Supplies,Binders,Storex DuraTech Recycled Plastic Frosted Binders,4
FUR-CH-10002774,Furniture,Chairs,"Global Deluxe Stacking Chair, Gray",5
FUR-BO-10004834,Furniture,Bookcases,"Riverside Palais Royal Lawyers Bookcase, Royale Cherry Finish",6
OFF-BI-10000474,Office Supplies,Binders,Avery Recycled Flexi-View Covers for Binding Systems,7
FUR-FU-10004848,Furniture,Furnishings,"Howard Miller 13-3/4"" Diameter Brushed Chrome Round Wall Clock",8
OFF-EN-10001509,Office Supplies,Envelopes,Poly String Tie Envelopes,9
OFF-AR-10004042,Office Supplies,Art,"BOSTON Model 1800 Electric Pencil Sharpeners, Putty/Woodgrain",10
OFF-BI-10001525,Office Supplies,Binders,"Acco Pressboard Covers with Storage Hooks, 14 7/8"" x 11"", Executive Red",11
OFF-AR-10001683,Office Supplies,Art,Lumber Crayons,12
FUR-CH-10001146,Furniture,Chairs,"Global Value Mid-Back Manager's Chair, Gray",13
FUR-CH-10000513,Furniture,Chairs,High-Back Leather Manager's Chair,14
FUR-FU-10003708,Furniture,Furnishings,"Tenex Traditional Chairmats for Medium Pile Carpet, Standard Lip, 36"" x 48""",15
OFF-ST-10004123,Office Supplies,Storage,Safco Industrial Wire Shelving System,16
OFF-BI-10004182,Office Supplies,Binders,Economy Binders,17
FUR-FU-10000260,Furniture,Furnishings,"6"" Cubicle Wall Clock, Black",18
OFF-ST-10000615,Office Supplies,Storage,"SimpliFile Personal File, Black Granite, 15w x 6-15/16d x 11-1/4h",19
FUR-FU-10003194,Furniture,Furnishings,"Eldon Expressions Desk Accessory, Wood Pencil Holder, Oak",20
OFF-ST-10003656,Office Supplies,Storage,Safco Industrial Wire Shelving,21
OFF-BI-10004738,Office Supplies,Binders,Flexible Leather- Look Classic Collection Ring Binder,22
TEC-AC-10001552,Technology,Accessories,Logitech K350 2.4Ghz Wireless Keyboard,23
FUR-FU-10004006,Furniture,Furnishings,"Deflect-o DuraMat Lighweight, Studded, Beveled Mat for Low Pile Carpeting",24
OFF-BI-10002794,Office Supplies,Binders,"Avery Trapezoid Ring Binder, 3"" Capacity, Black, 1040 sheets",25
OFF-BI-10003650,Office Supplies,Binders,GBC DocuBind 300 Electric Binding Machine,26
FUR-CH-10004063,Furniture,Chairs,Global Deluxe High-Back Manager's Chair,27
FUR-TA-10004534,Furniture,Tables,Bevis 44 x 96 Conference Tables,28
OFF-BI-10003274,Office Supplies,Binders,"Avery Durable Slant Ring Binders, No Labels",29
OFF-ST-10002974,Office Supplies,Storage,"Trav-L-File Heavy-Duty Shuttle II, Black",30
FUR-CH-10001146,Furniture,Chairs,"Global Task Chair, Black",31
FUR-FU-10003773,Furniture,Furnishings,Eldon Cleatmat Plus Chair Mats for High Pile Carpets,32
TEC-PH-10002293,Technology,Phones,Anker 36W 4-Port USB Wall Charger Travel Power Adapter for iPhone 5s 5c 5,33
OFF-PA-10002377,Office Supplies,Paper,Xerox 1916,34
OFF-FA-10002780,Office Supplies,Fasteners,Staples,35
OFF-AP-10000891,Office Supplies,Appliances,Kensington 7 Outlet MasterPiece HOMEOFFICE Power Control Center,36
OFF-LA-10003148,Office Supplies,Labels,Avery 51,37
OFF-AP-10002684,Office Supplies,Appliances,"Acco 7-Outlet Masterpiece Power Center, Wihtout Fax/Phone Line Protection",38
FUR-CH-10004698,Furniture,Chairs,"Padded Folding Chairs, Black, 4/Carton",39
OFF-SU-10002189,Office Supplies,Supplies,Acme Rosewood Handle Letter Opener,40
OFF-BI-10000343,Office Supplies,Binders,"Pressboard Covers with Storage Hooks, 9 1/2"" x 11"", Light Blue",41
OFF-PA-10002749,Office Supplies,Paper,"Wirebound Message Books, 5-1/2 x 4 Forms, 2 or 4 Forms per Page",42
OFF-AP-10003217,Office Supplies,Appliances,Eureka Sanitaire  Commercial Upright,43
FUR-CH-10004860,Furniture,Chairs,Global Low Back Tilter Chair,44
FUR-CH-10004477,Furniture,Chairs,"Global Push Button Manager's Chair, Indigo",45
OFF-BI-10001679,Office Supplies,Binders,GBC Instant Index System for Binding Systems,46
FUR-TA-10001705,Furniture,Tables,Bush Advantage Collection Round Conference Table,47
FUR-TA-10003473,Furniture,Tables,Bretford Rectangular Conference Table Tops,48
FUR-FU-10004017,Furniture,Furnishings,"Tenex Contemporary Contur Chairmats for Low and Medium Pile Carpet, Computer, 39"" x 49""",49
TEC-AC-10003832,Technology,Accessories,Logitech P710e Mobile Speakerphone,50
FUR-FU-10002505,Furniture,Furnishings,Eldon 100 Class Desk Accessories,51
OFF-ST-10004804,Office Supplies,Storage,"Belkin 19"" Vented Equipment Shelf, Black",52
OFF-ST-10001590,Office Supplies,Storage,"Tenex Personal Project File with Scoop Front Design, Black",53
TEC-PH-10001580,Technology,Phones,Logitech Mobile Speakerphone P710e - speaker phone,54
OFF-AP-10002203,Office Supplies,Appliances,Eureka Disposable Bags for Sanitaire Vibra Groomer I Upright Vac,55
TEC-MA-10000822,Technology,Machines,Lexmark MX611dhe Monochrome Laser Printer,56
TEC-MA-10003353,Technology,Machines,Xerox WorkCentre 6505DN Laser Multifunction Printer,57
OFF-ST-10004180,Office Supplies,Storage,Safco Commercial Shelving,58
OFF-EN-10004386,Office Supplies,Envelopes,"Recycled Interoffice Envelopes with String and Button Closure, 10 x 13",59
OFF-BI-10004967,Office Supplies,Binders,Round Ring Binders,60
TEC-PH-10001760,Technology,Phones,Bose SoundLink Bluetooth Speaker,61
FUR-TA-10002533,Furniture,Tables,BPI Conference Tables,62
TEC-PH-10003645,Technology,Phones,Aastra 57i VoIP phone,63
OFF-ST-10000675,Office Supplies,Storage,"File Shuttle II and Handi-File, Black",64
FUR-CH-10003312,Furniture,Chairs,Hon 2090 Pillow Soft Series Mid Back Swivel/Tilt Chairs,65
OFF-LA-10001074,Office Supplies,Labels,Round Specialty Laser Printer Labels,66
OFF-BI-10001524,Office Supplies,Binders,GBC Premium Transparent Covers with Diagonal Lined Pattern,67
TEC-PH-10004614,Technology,Phones,AT&T 841000 Phone,68
OFF-BI-10001153,Office Supplies,Binders,Ibico Recycled Grain-Textured Covers,69
OFF-BI-10001982,Office Supplies,Binders,Wilson Jones Custom Binder Spines & Labels,70
OFF-ST-10000107,Office Supplies,Storage,Fellowes Super Stor/Drawer,71
TEC-AC-10003911,Technology,Accessories,NETGEAR AC1750 Dual Band Gigabit Smart WiFi Router,72
OFF-AR-10000658,Office Supplies,Art,Newell 324,73
TEC-AC-10002076,Technology,Accessories,Microsoft Natural Keyboard Elite,74
OFF-PA-10003039,Office Supplies,Paper,Xerox 1960,75
FUR-TA-10004915,Furniture,Tables,"Office Impressions End Table, 20-1/2""H x 24""W x 20""D",76
FUR-TA-10000617,Furniture,Tables,"Hon Practical Foundations 30 x 60 Training Table, Light Gray/Charcoal",77
TEC-AC-10002335,Technology,Accessories,Logitech Media Keyboard K200,78
TEC-PH-10003012,Technology,Phones,Nortel Meridian M3904 Professional Digital phone,79
TEC-CO-10002313,Technology,Copiers,Canon PC1080F Personal Copier,80
OFF-BI-10003982,Office Supplies,Binders,Wilson Jones Century Plastic Molded Ring Binders,81
OFF-BI-10004584,Office Supplies,Binders,GBC ProClick 150 Presentation Binding System,82
TEC-AC-10004659,Technology,Accessories,Imation Secure+ Hardware Encrypted USB 2.0 Flash Drive; 16GB,83
OFF-ST-10000617,Office Supplies,Storage,Woodgrain Magazine Files by Perma,84
OFF-BI-10000773,Office Supplies,Binders,Insertable Tab Post Binder Dividers,85
TEC-AC-10002600,Technology,Accessories,Belkin QODE FastFit Bluetooth Keyboard,86
FUR-CH-10000225,Furniture,Chairs,"Global Geo Office Task Chair, Gray",87
FUR-CH-10002331,Furniture,Chairs,Hon 4700 Series Mobuis Mid-Back Task Chairs with Adjustable Arms,88
OFF-EN-10001415,Office Supplies,Envelopes,Staple envelope,89
FUR-FU-10002918,Furniture,Furnishings,Eldon ClusterMat Chair Mat with Cordless Antistatic Protection,90
OFF-BI-10002194,Office Supplies,Binders,Cardinal Hold-It CD Pocket,91
FUR-TA-10001857,Furniture,Tables,Balt Solid Wood Rectangular Table,92
OFF-BI-10001670,Office Supplies,Binders,Vinyl Sectional Post Binders,93
OFF-BI-10001658,Office Supplies,Binders,GBC Standard Therm-A-Bind Covers,94
FUR-CH-10001215,Furniture,Chairs,Global Troy Executive Leather Low-Back Tilter,95
OFF-BI-10000831,Office Supplies,Binders,Storex Flexible Poly Binders with Double Pockets,96
OFF-PA-10000357,Office Supplies,Paper,"White Dual Perf Computer Printout Paper, 2700 Sheets, 1 Part, Heavyweight, 20 lbs., 14 7/8 x 11",97
TEC-PH-10003555,Technology,Phones,Motorola HK250 Universal Bluetooth Headset,98
TEC-AC-10003832,Technology,Accessories,Imation 16GB Mini TravelDrive USB 2.0 Flash Drive,99
OFF-ST-10004963,Office Supplies,Storage,Eldon Gobal File Keepers,100
OFF-SU-10002881,Office Supplies,Supplies,Martin Yale Chadless Opener Electric Letter Opener,101
OFF-EN-10001335,Office Supplies,Envelopes,"White Business Envelopes with Contemporary Seam, Recycled White Business Envelopes",102
FUR-FU-10000448,Furniture,Furnishings,Tenex Chairmats For Use With Carpeted Floors,103
OFF-BI-10002429,Office Supplies,Binders,"Premier Elliptical Ring Binder, Black",104
OFF-ST-10001809,Office Supplies,Storage,Fellowes Officeware Wire Shelving,105
TEC-PH-10003800,Technology,Phones,i.Sound Portable Power - 8000 mAh,106
OFF-PA-10002005,Office Supplies,Paper,Xerox 225,107
OFF-BI-10002498,Office Supplies,Binders,Clear Mylar Reinforcing Strips,108
OFF-PA-10004101,Office Supplies,Paper,Xerox 1894,109
TEC-PH-10001425,Technology,Phones,Mophie Juice Pack Helium for iPhone,110
TEC-PH-10003963,Technology,Phones,GE 2-Jack Phone Line Splitter,111
OFF-SU-10001574,Office Supplies,Supplies,Acme Value Line Scissors,112
OFF-BI-10000848,Office Supplies,Binders,Angle-D Ring Binders,113
OFF-AR-10001246,Office Supplies,Art,Newell 317,114
TEC-PH-10003092,Technology,Phones,Motorola L804,115
OFF-BI-10002103,Office Supplies,Binders,"Cardinal Slant-D Ring Binder, Heavy Gauge Vinyl",116
OFF-ST-10001963,Office Supplies,Storage,Tennsco Regal Shelving Units,117
TEC-AC-10001267,Technology,Accessories,Imation 32GB Pocket Pro USB 3.0 Flash Drive - 32 GB - Black - 1 P ...,118
TEC-PH-10002103,Technology,Phones,Jabra SPEAK 410,119
OFF-BI-10001989,Office Supplies,Binders,Premium Transparent Presentation Covers by GBC,120
OFF-AP-10003287,Office Supplies,Appliances,Tripp Lite TLP810NET Broadband Surge for Modem/Fax,121
OFF-PA-10001934,Office Supplies,Paper,Xerox 1993,122
OFF-BI-10004654,Office Supplies,Binders,Avery Binding System Hidden Tab Executive Style Index Sets,123
FUR-FU-10002759,Furniture,Furnishings,12-1/2 Diameter Round Wall Clock,124
FUR-TA-10000688,Furniture,Tables,"Chromcraft Bull-Nose Wood Round Conference Table Top, Wood Base",125
OFF-PA-10002377,Office Supplies,Paper,"Adams Telephone Message Book W/Dividers/Space For Phone Numbers, 5 1/4""X8 1/2"", 200/Messages",126
OFF-AP-10000804,Office Supplies,Appliances,Hoover Portapower Portable Vacuum,127
TEC-AC-10003614,Technology,Accessories,"Verbatim 25 GB 6x Blu-ray Single Layer Recordable Disc, 10/Pack",128
FUR-FU-10003553,Furniture,Furnishings,"Howard Miller 13-1/2"" Diameter Rosebrook Wall Clock",129
OFF-BI-10004632,Office Supplies,Binders,Ibico Hi-Tech Manual Binding System,130
TEC-MA-10004125,Technology,Machines,Cubify CubeX 3D Printer Triple Head Print,131
OFF-AP-10002457,Office Supplies,Appliances,"Eureka The Boss Plus 12-Amp Hard Box Upright Vacuum, Red",132
FUR-FU-10004071,Furniture,Furnishings,Luxo Professional Magnifying Clamp-On Fluorescent Lamps,133
TEC-PH-10002033,Technology,Phones,Konftel 250 Conference phone - Charcoal black,134
OFF-ST-10002444,Office Supplies,Storage,Recycled Eldon Regeneration Jumbo File,135
OFF-AP-10001154,Office Supplies,Appliances,Bionaire Personal Warm Mist Humidifier/Vaporizer,136
TEC-AC-10001606,Technology,Accessories,Logitech Wireless Performance Mouse MX for PC and Mac,137
OFF-PA-10001954,Office Supplies,Paper,Xerox 1964,138
FUR-TA-10002228,Furniture,Tables,"Bevis Traditional Conference Table Top, Plinth Base",139
OFF-ST-10004634,Office Supplies,Storage,"Personal Folder Holder, Ebony",140
FUR-CH-10002965,Furniture,Chairs,"Global Leather Highback Executive Chair with Pneumatic Height Adjustment, Black",141
OFF-LA-10001317,Office Supplies,Labels,Avery 520,142
OFF-SU-10004498,Office Supplies,Supplies,Martin-Yale Premier Letter Opener,143
OFF-PA-10002615,Office Supplies,Paper,"Ampad Gold Fibre Wirebound Steno Books, 6"" x 9"", Gregg Ruled",144
OFF-PA-10004971,Office Supplies,Paper,Xerox 196,145
OFF-SU-10004261,Office Supplies,Supplies,"Fiskars 8"" Scissors, 2/Pack",146
OFF-BI-10001098,Office Supplies,Binders,Acco D-Ring Binder w/DublLock,147
TEC-AC-10002167,Technology,Accessories,Imation 8gb Micro Traveldrive Usb 2.0 Flash Drive,148
FUR-BO-10004409,Furniture,Bookcases,"Safco Value Mate Series Steel Bookcases, Baked Enamel Finish on Steel, Gray",149
TEC-AC-10000057,Technology,Accessories,Microsoft Natural Ergonomic Keyboard 4000,150
TEC-AC-10003441,Technology,Accessories,Kingston Digital DataTraveler 32GB USB 2.0,151
TEC-AC-10000109,Technology,Accessories,Sony Micro Vault Click 16 GB USB 2.0 Flash Drive,152
OFF-BI-10001071,Office Supplies,Binders,GBC ProClick Punch Binding System,153
OFF-PA-10001560,Office Supplies,Paper,"Adams Telephone Message Books, 5 1/4 x 11",154
TEC-PH-10002365,Technology,Phones,Belkin Grip Candy Sheer Case / Cover for iPhone 5 and 5S,155
OFF-BI-10003712,Office Supplies,Binders,"Acco Pressboard Covers with Storage Hooks, 14 7/8"" x 11"", Light Blue",156
OFF-AR-10001118,Office Supplies,Art,"Binney & Smith Crayola Metallic Crayons, 16-Color Pack",157
OFF-BI-10004716,Office Supplies,Binders,Wilson Jones Hanging Recycled Pressboard Data Binders,158
FUR-TA-10001520,Furniture,Tables,"Lesro Sheffield Collection Coffee Table, End Table, Center Table, Corner Table",159
FUR-CH-10003379,Furniture,Chairs,Global Commerce Series High-Back Swivel/Tilt Chairs,160
OFF-BI-10002706,Office Supplies,Binders,Avery Premier Heavy-Duty Binder with Round Locking Rings,161
FUR-TA-10002356,Furniture,Tables,Bevis Boat-Shaped Conference Table,162
FUR-FU-10003601,Furniture,Furnishings,"Deflect-o RollaMat Studded, Beveled Mat for Medium Pile Carpeting",163
FUR-FU-10000576,Furniture,Furnishings,Luxo Professional Fluorescent Magnifier Lamp with Clamp-Mount Base,164
FUR-TA-10004154,Furniture,Tables,"Riverside Furniture Oval Coffee Table, Oval End Table, End Table with Drawer",165
OFF-PA-10000788,Office Supplies,Paper,Xerox 210,166
OFF-PA-10002479,Office Supplies,Paper,Xerox 4200 Series MultiUse Premium Copy Paper (20Lb. and 84 Bright),167
OFF-BI-10004492,Office Supplies,Binders,Tuf-Vin Binders,168
OFF-BI-10002012,Office Supplies,Binders,Wilson Jones Easy Flow II Sheet Lifters,169
OFF-PA-10001509,Office Supplies,Paper,"Recycled Desk Saver Line ""While You Were Out"" Book, 5 1/2"" X 4""",170
FUR-TA-10003748,Furniture,Tables,Bevis 36 x 72 Conference Tables,171
TEC-AC-10003198,Technology,Accessories,Enermax Acrylux Wireless Keyboard,172
FUR-FU-10000293,Furniture,Furnishings,Eldon Antistatic Chair Mats for Low to Medium Pile Carpets,173
OFF-PA-10001307,Office Supplies,Paper,"Important Message Pads, 50 4-1/4 x 5-1/2 Forms per Pad",174
FUR-FU-10004460,Furniture,Furnishings,"Howard Miller 12"" Round Wall Clock",175
FUR-CH-10003396,Furniture,Chairs,Global Deluxe Steno Chair,176
OFF-SU-10001935,Office Supplies,Supplies,Staple remover,177
FUR-TA-10001095,Furniture,Tables,Chromcraft Round Conference Tables,178
OFF-PA-10003127,Office Supplies,Paper,Easy-staple paper,179
OFF-ST-10003208,Office Supplies,Storage,Adjustable Depth Letter/Legal Cart,180
TEC-MA-10003979,Technology,Machines,Ativa V4110MDD Micro-Cut Shredder,181
OFF-BI-10004140,Office Supplies,Binders,Avery Non-Stick Binders,182
OFF-BI-10002049,Office Supplies,Binders,UniKeep View Case Binders,183
OFF-ST-10000642,Office Supplies,Storage,"Tennsco Lockers, Gray",184
FUR-FU-10000206,Furniture,Furnishings,"GE General Purpose, Extra Long Life, Showcase & Floodlight Incandescent Bulbs",185
OFF-BI-10003676,Office Supplies,Binders,"GBC Standard Recycled Report Covers, Clear Plastic Sheets",186
OFF-FA-10003495,Office Supplies,Fasteners,Staples,187
OFF-EN-10003798,Office Supplies,Envelopes,"Recycled Interoffice Envelopes with Re-Use-A-Seal Closure, 10 x 13",188
TEC-PH-10003589,Technology,Phones,invisibleSHIELD by ZAGG Smudge-Free Screen Protector,189
OFF-PA-10004735,Office Supplies,Paper,Xerox 1905,190
OFF-BI-10002609,Office Supplies,Binders,Avery Hidden Tab Dividers for Binding Systems,191
TEC-PH-10001061,Technology,Phones,Apple iPhone 5C,192
OFF-AR-10002375,Office Supplies,Art,Newell 351,193
OFF-AR-10003811,Office Supplies,Art,Newell 327,194
OFF-EN-10001539,Office Supplies,Envelopes,Staple envelope,195
OFF-PA-10004100,Office Supplies,Paper,Xerox 216,196
OFF-ST-10003479,Office Supplies,Storage,"Eldon Base for stackable storage shelf, platinum",197
OFF-LA-10000973,Office Supplies,Labels,Avery 502,198
OFF-ST-10001476,Office Supplies,Storage,Steel Personal Filing/Posting Tote,199
OFF-PA-10002259,Office Supplies,Paper,"Geographics Note Cards, Blank, White, 8 1/2"" x 11""",200
OFF-BI-10000301,Office Supplies,Binders,GBC Instant Report Kit,201
OFF-PA-10001937,Office Supplies,Paper,Xerox 21,202
FUR-FU-10002268,Furniture,Furnishings,Ultra Door Push Plate,203
OFF-ST-10001321,Office Supplies,Storage,"Decoflex Hanging Personal Folder File, Blue",204
FUR-FU-10003394,Furniture,Furnishings,"Tenex ""The Solids"" Textured Chair Mats",205
OFF-BI-10002432,Office Supplies,Binders,Wilson Jones Standard D-Ring Binders,206
OFF-BI-10000069,Office Supplies,Binders,"GBC Prepunched Paper, 19-Hole, for Binding Systems, 24-lb",207
OFF-AR-10003602,Office Supplies,Art,"Quartet Omega Colored Chalk, 12/Pack",208
TEC-AC-10004469,Technology,Accessories,Microsoft Sculpt Comfort Mouse,209
FUR-FU-10001867,Furniture,Furnishings,"Eldon Expressions Punched Metal & Wood Desk Accessories, Pewter & Cherry",210
TEC-AC-10003174,Technology,Accessories,Plantronics S12 Corded Telephone Headset System,211
TEC-PH-10002200,Technology,Phones,Samsung Galaxy Note 2,212
OFF-BI-10004519,Office Supplies,Binders,GBC DocuBind P100 Manual Binding Machine,213
OFF-FA-10000304,Office Supplies,Fasteners,Advantus Push Pins,214
OFF-BI-10001575,Office Supplies,Binders,GBC Linen Binding Covers,215
OFF-ST-10003716,Office Supplies,Storage,Tennsco Double-Tier Lockers,216
OFF-BI-10004236,Office Supplies,Binders,"XtraLife ClearVue Slant-D Ring Binder, White, 3""",217
OFF-ST-10003306,Office Supplies,Storage,Letter Size Cart,218
OFF-ST-10000563,Office Supplies,Storage,Fellowes Bankers Box Stor/Drawer Steel Plus,219
OFF-AP-10004487,Office Supplies,Appliances,Kensington 4 Outlet MasterPiece Compact Power Control Center,220
OFF-BI-10002854,Office Supplies,Binders,"Performers Binder/Pad Holder, Black",221
OFF-BI-10002813,Office Supplies,Binders,Avery Reinforcements for Hole-Punch Pages,222
FUR-FU-10002554,Furniture,Furnishings,"Westinghouse Floor Lamp with Metal Mesh Shade, Black",223
TEC-PH-10001557,Technology,Phones,Pyle PMP37LED,224
FUR-CH-10003199,Furniture,Chairs,Office Star - Contemporary Task Swivel Chair,225
OFF-BI-10004139,Office Supplies,Binders,Fellowes Presentation Covers for Comb Binding Machines,226
FUR-FU-10003724,Furniture,Furnishings,Westinghouse Clip-On Gooseneck Lamps,227
OFF-ST-10001522,Office Supplies,Storage,"Gould Plastics 18-Pocket Panel Bin, 34w x 5-1/4d x 20-1/2h",228
FUR-CH-10002961,Furniture,Chairs,"Leather Task Chair, Black",229
OFF-BI-10001036,Office Supplies,Binders,Cardinal EasyOpen D-Ring Binders,230
TEC-MA-10003183,Technology,Machines,DYMO CardScan Personal V9 Business Card Scanner,231
TEC-AC-10001314,Technology,Accessories,Case Logic 2.4GHz Wireless Keyboard,232
TEC-PH-10002563,Technology,Phones,Adtran 1202752G1,233
FUR-BO-10002613,Furniture,Bookcases,"Atlantic Metals Mobile 4-Shelf Bookcases, Custom Colors",234
OFF-AR-10003405,Office Supplies,Art,"Dixon My First Ticonderoga Pencil, #2",235
OFF-LA-10002312,Office Supplies,Labels,Avery 490,236
OFF-BI-10000042,Office Supplies,Binders,"Pressboard Data Binder, Crimson, 12"" X 8 1/2""",237
OFF-ST-10002344,Office Supplies,Storage,"Carina 42""Hx23 3/4""W Media Storage Unit",238
OFF-PA-10001289,Office Supplies,Paper,White Computer Printout Paper by Universal,239
OFF-FA-10000053,Office Supplies,Fasteners,Revere Boxed Rubber Bands by Revere,240
FUR-FU-10004091,Furniture,Furnishings,"Eldon 200 Class Desk Accessories, Black",241
FUR-BO-10004015,Furniture,Bookcases,"Bush Andora Bookcase, Maple/Graphite Gray Finish",242
OFF-EN-10003001,Office Supplies,Envelopes,Ames Color-File Green Diamond Border X-ray Mailers,243
TEC-PH-10000215,Technology,Phones,Plantronics Cordless Phone Headset with In-line Volume - M214C,244
OFF-PA-10003892,Office Supplies,Paper,Xerox 1943,245
FUR-TA-10002958,Furniture,Tables,"Bevis Oval Conference Table, Walnut",246
FUR-TA-10001676,Furniture,Tables,Hon 61000 Series Interactive Training Tables,247
FUR-TA-10002622,Furniture,Tables,"Bush Andora Conference Table, Maple/Graphite Gray Finish",248
OFF-PA-10000418,Office Supplies,Paper,Xerox 189,249
FUR-TA-10001039,Furniture,Tables,KI Adjustable-Height Table,250
OFF-BI-10002949,Office Supplies,Binders,Prestige Round Ring Binders,251
OFF-EN-10002600,Office Supplies,Envelopes,"Redi-Strip #10 Envelopes, 4 1/8 x 9 1/2",252
OFF-BI-10003708,Office Supplies,Binders,"Acco Four Pocket Poly Ring Binder with Label Holder, Smoke, 1""",253
OFF-LA-10003510,Office Supplies,Labels,"Avery 4027 File Folder Labels for Dot Matrix Printers, 5000 Labels per Box, White",254
OFF-PA-10003673,Office Supplies,Paper,Strathmore Photo Mount Cards,255
OFF-BI-10004876,Office Supplies,Binders,Wilson Jones Suede Grain Vinyl Binders,256
OFF-BI-10004352,Office Supplies,Binders,Wilson Jones DublLock D-Ring Binders,257
OFF-FA-10001754,Office Supplies,Fasteners,Stockwell Gold Paper Clips,258
OFF-AR-10000634,Office Supplies,Art,Newell 320,259
FUR-FU-10004270,Furniture,Furnishings,"Eldon Image Series Desk Accessories, Burgundy",260
OFF-LA-10003121,Office Supplies,Labels,Avery 506,261
OFF-PA-10002262,Office Supplies,Paper,Xerox 192,262
OFF-PA-10002464,Office Supplies,Paper,HP Office Recycled Paper (20Lb. and 87 Bright),263
OFF-ST-10002214,Office Supplies,Storage,X-Rack File for Hanging Folders,264
TEC-AC-10000865,Technology,Accessories,WD My Passport Ultra 500GB Portable External Hard Drive,265
OFF-AP-10004868,Office Supplies,Appliances,Hoover Commercial Soft Guard Upright Vacuum And Disposable Filtration Bags,266
FUR-CH-10000863,Furniture,Chairs,Novimex Swivel Fabric Task Chair,267
OFF-EN-10003160,Office Supplies,Envelopes,Pastel Pink Envelopes,268
TEC-AC-10003280,Technology,Accessories,Belkin F8E887 USB Wired Ergonomic Keyboard,269
FUR-CH-10000595,Furniture,Chairs,Safco Contoured Stacking Chairs,270
OFF-AR-10001221,Office Supplies,Art,"Dixon Ticonderoga Erasable Colored Pencil Set, 12-Color",271
OFF-FA-10002988,Office Supplies,Fasteners,Ideal Clamps,272
OFF-AR-10003251,Office Supplies,Art,Prang Drawing Pencil Set,273
TEC-PH-10004700,Technology,Phones,PowerGen Dual USB Car Charger,274
OFF-AR-10000823,Office Supplies,Art,Newell 307,275
OFF-AR-10004456,Office Supplies,Art,Panasonic KP-4ABK Battery-Operated Pencil Sharpener,276
OFF-BI-10000050,Office Supplies,Binders,"Angle-D Binders with Locking Rings, Label Holders",277
OFF-BI-10000591,Office Supplies,Binders,Avery Binder Labels,278
TEC-AC-10004855,Technology,Accessories,V7 USB Numeric Keypad,279
OFF-ST-10000352,Office Supplies,Storage,Acco Perma 2700 Stacking Storage Drawers,280
OFF-PA-10000575,Office Supplies,Paper,"Wirebound Message Books, Four 2 3/4 x 5 White Forms per Page",281
OFF-FA-10003112,Office Supplies,Fasteners,Staples,282
OFF-ST-10003442,Office Supplies,Storage,Eldon Portable Mobile Manager,283
OFF-FA-10000611,Office Supplies,Fasteners,Binder Clips by OIC,284
OFF-BI-10001116,Office Supplies,Binders,"Wilson Jones 1"" Hanging DublLock Ring Binders",285
FUR-TA-10001889,Furniture,Tables,Bush Advantage Collection Racetrack Conference Table,286
OFF-PA-10000176,Office Supplies,Paper,Xerox 1887,287
FUR-FU-10004020,Furniture,Furnishings,Advantus Panel Wall Acrylic Frame,288
TEC-AC-10003133,Technology,Accessories,Memorex Mini Travel Drive 4 GB USB 2.0 Flash Drive,289
FUR-TA-10004289,Furniture,Tables,BoxOffice By Design Rectangular and Half-Moon Meeting Room Tables,290
TEC-AC-10000736,Technology,Accessories,Logitech G600 MMO Gaming Mouse,291
FUR-BO-10003966,Furniture,Bookcases,"Sauder Facets Collection Library, Sky Alder Finish",292
FUR-TA-10001307,Furniture,Tables,"SAFCO PlanMaster Heigh-Adjustable Drafting Table Base, 43w x 30d x 30-37h, Black",293
OFF-ST-10000689,Office Supplies,Storage,"Fellowes Strictly Business Drawer File, Letter/Legal Size",294
OFF-AR-10002135,Office Supplies,Art,Boston Heavy-Duty Trimline Electric Pencil Sharpeners,295
OFF-PA-10003543,Office Supplies,Paper,Xerox 1985,296
OFF-AR-10002221,Office Supplies,Art,12 Colored Short Pencils,297
OFF-BI-10001765,Office Supplies,Binders,Wilson Jones Heavy-Duty Casebound Ring Binders with Metal Hinges,298
OFF-BI-10004410,Office Supplies,Binders,"C-Line Peel & Stick Add-On Filing Pockets, 8-3/4 x 5-1/8, 10/Pack",299
OFF-BI-10002735,Office Supplies,Binders,GBC Prestige Therm-A-Bind Covers,300
OFF-ST-10002352,Office Supplies,Storage,Iris Project Case,301
TEC-PH-10000455,Technology,Phones,GE 30522EE2,302
OFF-BI-10003910,Office Supplies,Binders,DXL Angle-View Binders with Locking Rings by Samsill,303
TEC-AC-10001465,Technology,Accessories,SanDisk Cruzer 64 GB USB Flash Drive,304
FUR-FU-10001861,Furniture,Furnishings,"Floodlight Indoor Halogen Bulbs, 1 Bulb per Pack, 60 Watts",305
OFF-AP-10001394,Office Supplies,Appliances,Harmony Air Purifier,306
FUR-FU-10002553,Furniture,Furnishings,"Electrix Incandescent Magnifying Lamp, Black",307
OFF-PA-10000019,Office Supplies,Paper,Xerox 1931,308
TEC-AC-10003027,Technology,Accessories,Imation 8GB Mini TravelDrive USB 2.0 Flash Drive,309
OFF-PA-10001804,Office Supplies,Paper,Xerox 195,310
FUR-FU-10004973,Furniture,Furnishings,Flat Face Poster Frame,311
OFF-BI-10002133,Office Supplies,Binders,"Wilson Jones Elliptical Ring 3 1/2"" Capacity Binders, 800 sheets",312
FUR-BO-10001918,Furniture,Bookcases,"Sauder Forest Hills Library with Doors, Woodland Oak Finish",313
TEC-PH-10004896,Technology,Phones,Nokia Lumia 521 (T-Mobile),314
FUR-TA-10004575,Furniture,Tables,Hon 5100 Series Wood Tables,315
FUR-FU-10001617,Furniture,Furnishings,"Executive Impressions 8-1/2"" Career Panel/Partition Cubicle Clock",316
TEC-PH-10002824,Technology,Phones,Jabra SPEAK 410 Multidevice Speakerphone,317
FUR-BO-10003272,Furniture,Bookcases,O'Sullivan Living Dimensions 5-Shelf Bookcases,318
OFF-BI-10001191,Office Supplies,Binders,Canvas Sectional Post Binders,319
OFF-AR-10001446,Office Supplies,Art,Newell 309,320
OFF-BI-10001757,Office Supplies,Binders,Pressboard Hanging Data Binders for Unburst Sheets,321
OFF-BI-10003091,Office Supplies,Binders,GBC DocuBind TL200 Manual Binding Machine,322
FUR-CH-10003981,Furniture,Chairs,Global Commerce Series Low-Back Swivel/Tilt Chairs,323
TEC-PH-10001198,Technology,Phones,Avaya 4621SW VoIP phone,324
OFF-PA-10001972,Office Supplies,Paper,Xerox 214,325
TEC-PH-10004165,Technology,Phones,Mitel MiVoice 5330e IP Phone,326
OFF-AP-10002534,Office Supplies,Appliances,3.6 Cubic Foot Counter Height Office Refrigerator,327
OFF-BI-10002867,Office Supplies,Binders,GBC Recycled Regency Composition Covers,328
OFF-AR-10001860,Office Supplies,Art,BIC Liqua Brite Liner,329
FUR-CH-10003956,Furniture,Chairs,Novimex High-Tech Fabric Mesh Task Chair,330
OFF-AR-10001177,Office Supplies,Art,Newell 349,331
OFF-BI-10001718,Office Supplies,Binders,GBC DocuBind P50 Personal Binding Machine,332
OFF-AR-10004602,Office Supplies,Art,Boston KS Multi-Size Manual Pencil Sharpener,333
OFF-AR-10003856,Office Supplies,Art,Newell 344,334
OFF-ST-10000078,Office Supplies,Storage,Tennsco 6- and 18-Compartment Lockers,335
OFF-AR-10001044,Office Supplies,Art,"BOSTON Ranger #55 Pencil Sharpener, Black",336
OFF-PA-10004888,Office Supplies,Paper,Xerox 217,337
OFF-BI-10003460,Office Supplies,Binders,Acco 3-Hole Punch,338
OFF-BI-10000145,Office Supplies,Binders,Zipper Ring Binder Pockets,339
OFF-AP-10000124,Office Supplies,Appliances,Acco 6 Outlet Guardian Basic Surge Suppressor,340
OFF-AR-10004511,Office Supplies,Art,"Sanford Colorific Scented Colored Pencils, 12/Pack",341
FUR-FU-10000076,Furniture,Furnishings,24-Hour Round Wall Clock,342
OFF-PA-10004092,Office Supplies,Paper,Tops Green Bar Computer Printout Paper,343
OFF-BI-10004781,Office Supplies,Binders,GBC Wire Binding Strips,344
OFF-ST-10001713,Office Supplies,Storage,"Gould Plastics 9-Pocket Panel Bin, 18-3/8w x 5-1/4d x 20-1/2h, Black",345
FUR-CH-10001973,Furniture,Chairs,Office Star Flex Back Scooter Chair with White Frame,346
FUR-CH-10004675,Furniture,Chairs,"Lifetime Advantage Folding Chairs, 4/Carton",347
FUR-FU-10001935,Furniture,Furnishings,3M Hangers With Command Adhesive,348
TEC-PH-10001552,Technology,Phones,I Need's 3d Hello Kitty Hybrid Silicone Case Cover for HTC One X 4g with 3d Hello Kitty Stylus Pen Green/pink,349
TEC-AC-10002253,Technology,Accessories,Imation Bio 8GB USB Flash Drive Imation Corp,350
OFF-AP-10002287,Office Supplies,Appliances,"Eureka Sanitaire  Multi-Pro Heavy-Duty Upright, Disposable Bags",351
FUR-CH-10001394,Furniture,Chairs,Global Leather Executive Chair,352
OFF-ST-10002370,Office Supplies,Storage,"Sortfiler Multipurpose Personal File Organizer, Black",353
OFF-AR-10002956,Office Supplies,Art,Boston 16801 Nautilus Battery Pencil Sharpener,354
OFF-AR-10001955,Office Supplies,Art,Newell 319,355
FUR-FU-10001468,Furniture,Furnishings,Tenex Antistatic Computer Chair Mats,356
FUR-FU-10002501,Furniture,Furnishings,Nu-Dell Executive Frame,357
TEC-AC-10000358,Technology,Accessories,Imation Secure Drive + Hardware Encrypted USB flash drive - 16 GB,358
FUR-TA-10001950,Furniture,Tables,Balt Solid Wood Round Tables,359
FUR-TA-10004175,Furniture,Tables,"Hon 30"" x 60"" Table with Locking Drawer",360
OFF-PA-10002960,Office Supplies,Paper,Xerox 1926,361
OFF-PA-10000919,Office Supplies,Paper,Xerox 1918,362
FUR-FU-10004864,Furniture,Furnishings,"Howard Miller 14-1/2"" Diameter Chrome Round Wall Clock",363
OFF-AP-10004540,Office Supplies,Appliances,"Eureka The Boss Lite 10-Amp Upright Vacuum, Blue",364
OFF-BI-10004965,Office Supplies,Binders,Ibico Covers for Plastic or Wire Binding Elements,365
FUR-FU-10002298,Furniture,Furnishings,"Rubbermaid ClusterMat Chairmats, Mat Size- 66"" x 60"", Lip 20"" x 11"" -90 Degree Angle",366
OFF-AR-10000315,Office Supplies,Art,"Dixon Ticonderoga Maple Cedar Pencil, #2",367
OFF-SU-10004768,Office Supplies,Supplies,Acme Kleencut Forged Steel Scissors,368
OFF-AP-10002403,Office Supplies,Appliances,Acco Smartsocket Color-Coded Six-Outlet AC Adapter Model Surge Protectors,369
OFF-AR-10003087,Office Supplies,Art,Staples in misc. colors,370
OFF-BI-10002026,Office Supplies,Binders,Avery Arch Ring Binders,371
TEC-PH-10000141,Technology,Phones,Clearsounds A400,372
TEC-CO-10000971,Technology,Copiers,Hewlett Packard 310 Color Digital Copier,373
OFF-PA-10004255,Office Supplies,Paper,Xerox 219,374
OFF-PA-10001184,Office Supplies,Paper,Xerox 1903,375
TEC-AC-10002637,Technology,Accessories,Logitech VX Revolution Cordless Laser Mouse for Notebooks (Black),376
FUR-FU-10002878,Furniture,Furnishings,"Seth Thomas 14"" Day/Date Wall Clock",377
FUR-BO-10000780,Furniture,Bookcases,O'Sullivan Plantations 2-Door Library in Landvery Oak,378
TEC-AC-10002473,Technology,Accessories,Maxell 4.7GB DVD-R,379
OFF-BI-10000632,Office Supplies,Binders,Satellite Sectional Post Binders,380
FUR-TA-10002645,Furniture,Tables,Hon Rectangular Conference Tables,381
OFF-FA-10002975,Office Supplies,Fasteners,Staples,382
TEC-PH-10001536,Technology,Phones,Spigen Samsung Galaxy S5 Case Wallet,383
FUR-FU-10002107,Furniture,Furnishings,Eldon Pizzaz Desk Accessories,384
FUR-BO-10002213,Furniture,Bookcases,"Sauder Forest Hills Library, Woodland Oak Finish",385
OFF-AP-10000692,Office Supplies,Appliances,Fellowes Mighty 8 Compact Surge Protector,386
OFF-EN-10004483,Office Supplies,Envelopes,"#10 White Business Envelopes,4 1/8 x 9 1/2",387
OFF-ST-10004459,Office Supplies,Storage,Tennsco Single-Tier Lockers,388
FUR-BO-10003450,Furniture,Bookcases,"Bush Westfield Collection Bookcases, Dark Cherry Finish",389
OFF-LA-10000248,Office Supplies,Labels,Avery 52,390
OFF-AR-10002255,Office Supplies,Art,Newell 346,391
TEC-PH-10002624,Technology,Phones,Samsung Galaxy S4 Mini,392
OFF-PA-10001878,Office Supplies,Paper,Xerox 1891,393
OFF-LA-10000452,Office Supplies,Labels,Avery 488,394
FUR-FU-10004909,Furniture,Furnishings,Contemporary Wood/Metal Frame,395
FUR-FU-10004587,Furniture,Furnishings,"GE General Use Halogen Bulbs, 100 Watts, 1 Bulb per Pack",396
OFF-ST-10004337,Office Supplies,Storage,"SAFCO Commercial Wire Shelving, 72h",397
OFF-PA-10003072,Office Supplies,Paper,"Eureka Recycled Copy Paper 8 1/2"" x 11"", Ream",398
OFF-PA-10000380,Office Supplies,Paper,"REDIFORM Incoming/Outgoing Call Register, 11"" X 8 1/2"", 100 Messages",399
TEC-PH-10004833,Technology,Phones,Macally Suction Cup Mount,400
FUR-FU-10001847,Furniture,Furnishings,Eldon Image Series Black Desk Accessories,401
FUR-FU-10004671,Furniture,Furnishings,"Executive Impressions 12"" Wall Clock",402
FUR-TA-10003569,Furniture,Tables,Bretford CR8500 Series Meeting Room Furniture,403
TEC-AC-10002399,Technology,Accessories,SanDisk Cruzer 32 GB USB Flash Drive,404
TEC-MA-10002210,Technology,Machines,Epson TM-T88V Direct Thermal Printer - Monochrome - Desktop,405
OFF-BI-10003196,Office Supplies,Binders,Accohide Poly Flexible Ring Binders,406
FUR-CH-10002017,Furniture,Chairs,SAFCO Optional Arm Kit for Workspace Cribbage Stacking Chair,407
FUR-CH-10004287,Furniture,Chairs,SAFCO Arco Folding Chair,408
FUR-BO-10004467,Furniture,Bookcases,Bestar Classic Bookcase,409
OFF-AP-10002765,Office Supplies,Appliances,Fellowes Advanced Computer Series Surge Protectors,410
OFF-BI-10002931,Office Supplies,Binders,"Avery Trapezoid Extra Heavy Duty 4"" Binders",411
OFF-BI-10002003,Office Supplies,Binders,Ibico Presentation Index for Binding Systems,412
OFF-PA-10002246,Office Supplies,Paper,"Wirebound Four 2-3/4 x 5 Forms per Page, 400 Sets per Book",413
TEC-PH-10002890,Technology,Phones,AT&T 17929 Lendline Telephone,414
TEC-AC-10004127,Technology,Accessories,SanDisk Cruzer 8 GB USB Flash Drive,415
FUR-CH-10002758,Furniture,Chairs,"Hon Deluxe Fabric Upholstered Stacking Chairs, Squared Back",416
OFF-AP-10001242,Office Supplies,Appliances,APC 7 Outlet Network SurgeArrest Surge Protector,417
TEC-AC-10003038,Technology,Accessories,Kingston Digital DataTraveler 16GB USB 2.0,418
TEC-AC-10003289,Technology,Accessories,Anker Ultra-Slim Mini Bluetooth 3.0 Wireless Keyboard,419
TEC-PH-10003187,Technology,Phones,Anker Astro Mini 3000mAh Ultra-Compact Portable Charger,420
FUR-FU-10001588,Furniture,Furnishings,"Deflect-o SuperTray Unbreakable Stackable Tray, Letter, Black",421
OFF-AR-10000940,Office Supplies,Art,Newell 343,422
OFF-PA-10003270,Office Supplies,Paper,Xerox 1954,423
OFF-BI-10002982,Office Supplies,Binders,Avery Self-Adhesive Photo Pockets for Polaroid Photos,424
OFF-ST-10001526,Office Supplies,Storage,Iceberg Mobile Mega Data/Printer Cart ,425
OFF-PA-10000100,Office Supplies,Paper,Xerox 1945,426
FUR-CH-10004853,Furniture,Chairs,"Global Manager's Adjustable Task Chair, Storm",427
OFF-ST-10000736,Office Supplies,Storage,Carina Double Wide Media Storage Towers in Natural & Black,428
OFF-ST-10001325,Office Supplies,Storage,Sterilite Officeware Hinged File Box,429
OFF-AP-10004249,Office Supplies,Appliances,Staple holder,430
OFF-AR-10000588,Office Supplies,Art,Newell 345,431
OFF-SU-10000946,Office Supplies,Supplies,Staple remover,432
FUR-CH-10004289,Furniture,Chairs,Global Super Steno Chair,433
FUR-CH-10000785,Furniture,Chairs,Global Ergonomic Managers Chair,434
FUR-CH-10004086,Furniture,Chairs,Hon 4070 Series Pagoda Armless Upholstered Stacking Chairs,435
OFF-BI-10004995,Office Supplies,Binders,GBC DocuBind P400 Electric Binding System,436
TEC-PH-10002310,Technology,Phones,Plantronics Calisto P620-M USB Wireless Speakerphone System,437
TEC-PH-10002834,Technology,Phones,Google Nexus 5,438
OFF-EN-10000927,Office Supplies,Envelopes,Jet-Pak Recycled Peel 'N' Seal Padded Mailers,439
OFF-BI-10001636,Office Supplies,Binders,Ibico Plastic and Wire Spiral Binding Combs,440
OFF-PA-10001736,Office Supplies,Paper,Xerox 1880,441
OFF-PA-10000482,Office Supplies,Paper,"Snap-A-Way Black Print Carbonless Ruled Speed Letter, Triplicate",442
OFF-ST-10002205,Office Supplies,Storage,File Shuttle I and Handi-File,443
FUR-TA-10003238,Furniture,Tables,"Chromcraft Bull-Nose Wood 48"" x 96"" Rectangular Conference Tables",444
OFF-ST-10002743,Office Supplies,Storage,SAFCO Boltless Steel Shelving,445
TEC-AC-10002842,Technology,Accessories,WD My Passport Ultra 2TB Portable External Hard Drive,446
TEC-PH-10003691,Technology,Phones,BlackBerry Q10,447
FUR-CH-10003833,Furniture,Chairs,Novimex Fabric Task Chair,448
OFF-BI-10002799,Office Supplies,Binders,"SlimView Poly Binder, 3/8""",449
OFF-AR-10003582,Office Supplies,Art,"Boston Electric Pencil Sharpener, Model 1818, Charcoal Black",450
OFF-PA-10004451,Office Supplies,Paper,Xerox 222,451
FUR-FU-10004666,Furniture,Furnishings,DAX Clear Channel Poster Frame,452
FUR-FU-10003247,Furniture,Furnishings,36X48 HARDFLOOR CHAIRMAT,453
OFF-AP-10004336,Office Supplies,Appliances,"Conquest 14 Commercial Heavy-Duty Upright Vacuum, Collection System, Accessory Kit",454
OFF-PA-10001295,Office Supplies,Paper,Computer Printout Paper with Letter-Trim Perforations,455
TEC-CO-10001046,Technology,Copiers,Canon Imageclass D680 Copier / Fax,456
OFF-AP-10003779,Office Supplies,Appliances,Kensington 7 Outlet MasterPiece Power Center with Fax/Phone Line Protection,457
OFF-BI-10003364,Office Supplies,Binders,Binding Machine Supplies,458
FUR-FU-10001591,Furniture,Furnishings,Advantus Panel Wall Certificate Holder - 8.5x11,459
TEC-PH-10000526,Technology,Phones,Vtech CS6719,460
OFF-PA-10002741,Office Supplies,Paper,Xerox 1980,461
FUR-CH-10002647,Furniture,Chairs,"Situations Contoured Folding Chairs, 4/Set",462
OFF-LA-10002043,Office Supplies,Labels,Avery 489,463
OFF-ST-10001291,Office Supplies,Storage,"Tenex Personal Self-Stacking Standard File Box, Black/Gray",464
OFF-BI-10004040,Office Supplies,Binders,Wilson Jones Impact Binders,465
OFF-BI-10004465,Office Supplies,Binders,Avery Durable Slant Ring Binders,466
FUR-CH-10000665,Furniture,Chairs,"Global Airflow Leather Mesh Back Chair, Black",467
OFF-AR-10004956,Office Supplies,Art,Newell 33,468
FUR-BO-10001811,Furniture,Bookcases,"Atlantic Metals Mobile 5-Shelf Bookcases, Custom Colors",469
OFF-LA-10003714,Office Supplies,Labels,Avery 510,470
OFF-BI-10001787,Office Supplies,Binders,Wilson Jones Four-Pocket Poly Binders,471
OFF-ST-10002957,Office Supplies,Storage,Sterilite Show Offs Storage Containers,472
OFF-EN-10002500,Office Supplies,Envelopes,Globe Weis Peel & Seel First Class Envelopes,473
TEC-AC-10000892,Technology,Accessories,NETGEAR N750 Dual Band Wi-Fi Gigabit Router,474
OFF-BI-10001107,Office Supplies,Binders,"GBC White Gloss Covers, Plain Front",475
OFF-ST-10002301,Office Supplies,Storage,Tennsco Commercial Shelving,476
FUR-CH-10003774,Furniture,Chairs,"Global Wood Trimmed Manager's Task Chair, Khaki",477
TEC-PH-10003095,Technology,Phones,Samsung HM1900 Bluetooth Headset,478
FUR-FU-10000023,Furniture,Furnishings,Eldon Wave Desk Accessories,479
TEC-AC-10004510,Technology,Accessories,Logitech Desktop MK120 Mouse and keyboard Combo,480
OFF-ST-10000060,Office Supplies,Storage,Fellowes Bankers Box Staxonsteel Drawer File/Stacking System,481
OFF-AR-10000799,Office Supplies,Art,Col-Erase Pencils with Erasers,482
OFF-BI-10000285,Office Supplies,Binders,XtraLife ClearVue Slant-D Ring Binders by Cardinal,483
OFF-ST-10003816,Office Supplies,Storage,Fellowes High-Stak Drawer Files,484
OFF-EN-10002230,Office Supplies,Envelopes,Airmail Envelopes,485
TEC-AC-10001109,Technology,Accessories,Logitech Trackman Marble Mouse,486
OFF-PA-10000682,Office Supplies,Paper,Xerox 1924,487
OFF-AP-10004708,Office Supplies,Appliances,Fellowes Superior 10 Outlet Split Surge Protector,488
OFF-BI-10003656,Office Supplies,Binders,Fellowes PB200 Plastic Comb Binding Machine,489
TEC-PH-10001128,Technology,Phones,Motorola Droid Maxx,490
FUR-FU-10001473,Furniture,Furnishings,"Eldon Executive Woodline II Desk Accessories, Mahogany",491
OFF-BI-10004656,Office Supplies,Binders,Peel & Stick Add-On Corner Pockets,492
FUR-CH-10002602,Furniture,Chairs,DMI Arturo Collection Mission-style Design Wood Chair,493
OFF-PA-10000675,Office Supplies,Paper,Xerox 1919,494
OFF-AR-10000203,Office Supplies,Art,Newell 336,495
TEC-PH-10004667,Technology,Phones,Cisco 8x8 Inc. 6753i IP Business Phone System,496
FUR-FU-10000193,Furniture,Furnishings,Tenex Chairmats For Use with Hard Floors,497
FUR-TA-10001539,Furniture,Tables,Chromcraft Rectangular Conference Tables,498
OFF-BI-10000962,Office Supplies,Binders,"Acco Flexible ACCOHIDE Square Ring Data Binder, Dark Blue, 11 1/2"" X 14"" 7/8""",499
OFF-AP-10002867,Office Supplies,Appliances,Fellowes Command Center 5-outlet power strip,500
OFF-LA-10001158,Office Supplies,Labels,"Avery Address/Shipping Labels for Typewriters, 4"" x 2""",501
FUR-BO-10002916,Furniture,Bookcases,"Rush Hierlooms Collection 1"" Thick Stackable Bookcases",502
TEC-PH-10002726,Technology,Phones,netTALK DUO VoIP Telephone Service,503
TEC-PH-10000895,Technology,Phones,Polycom VVX 310 VoIP phone,504
FUR-TA-10004152,Furniture,Tables,"Barricks 18"" x 48"" Non-Folding Utility Table with Bottom Storage Shelf",505
OFF-BI-10003694,Office Supplies,Binders,"Avery 3 1/2"" Diskette Storage Pages, 10/Pack",506
OFF-BI-10002160,Office Supplies,Binders,Acco Hanging Data Binders,507
OFF-PA-10004569,Office Supplies,Paper,"Wirebound Message Books, Two 4 1/4"" x 5"" Forms per Page",508
FUR-FU-10000672,Furniture,Furnishings,"Executive Impressions 10"" Spectator Wall Clock",509
OFF-EN-10004030,Office Supplies,Envelopes,Convenience Packs of Business Envelopes,510
OFF-ST-10001128,Office Supplies,Storage,"Carina Mini System Audio Rack, Model AR050B",511
OFF-PA-10003441,Office Supplies,Paper,Xerox 226,512
FUR-FU-10002191,Furniture,Furnishings,G.E. Halogen Desk Lamp Bulbs,513
OFF-PA-10000174,Office Supplies,Paper,"Message Book, Wirebound, Four 5 1/2"" X 4"" Forms/Pg., 200 Dupl. Sets/Book",514
FUR-TA-10002041,Furniture,Tables,"Bevis Round Conference Table Top, X-Base",515
FUR-FU-10003849,Furniture,Furnishings,"DAX Metal Frame, Desktop, Stepped-Edge",516
OFF-AP-10003842,Office Supplies,Appliances,Euro-Pro Shark Turbo Vacuum,517
FUR-BO-10004695,Furniture,Bookcases,O'Sullivan 2-Door Barrister Bookcase in Odessa Pine,518
OFF-PA-10000130,Office Supplies,Paper,Xerox 199,519
TEC-PH-10002350,Technology,Phones,Apple EarPods with Remote and Mic,520
OFF-AP-10002518,Office Supplies,Appliances,Kensington 7 Outlet MasterPiece Power Center,521
OFF-AR-10003056,Office Supplies,Art,Newell 341,522
OFF-PA-10003953,Office Supplies,Paper,Xerox 218,523
TEC-AC-10004864,Technology,Accessories,Memorex Micro Travel Drive 32 GB,524
TEC-AC-10003590,Technology,Accessories,"TRENDnet 56K USB 2.0 Phone, Internet and Fax Modem",525
OFF-PA-10001970,Office Supplies,Paper,Xerox 1881,526
TEC-MA-10000597,Technology,Machines,Lexmark S315 Color Inkjet Printer,527
TEC-CO-10001571,Technology,Copiers,Sharp 1540cs Digital Laser Copier,528
TEC-PH-10004531,Technology,Phones,OtterBox Commuter Series Case - iPhone 5 & 5s,529
FUR-FU-10003026,Furniture,Furnishings,"Eldon Regeneration Recycled Desk Accessories, Black",530
OFF-BI-10004600,Office Supplies,Binders,Ibico Ibimaster 300 Manual Binding System,531
OFF-FA-10001332,Office Supplies,Fasteners,"Acco Banker's Clasps, 5 3/4""-Long",532
TEC-AC-10002001,Technology,Accessories,Logitech Wireless Gaming Headset G930,533
OFF-PA-10000029,Office Supplies,Paper,Xerox 224,534
TEC-AC-10001874,Technology,Accessories,Logitech Wireless Anywhere Mouse MX for PC and Mac,535
TEC-PH-10002564,Technology,Phones,OtterBox Defender Series Case - Samsung Galaxy S4,536
OFF-FA-10000134,Office Supplies,Fasteners,"Advantus Push Pins, Aluminum Head",537
OFF-ST-10003692,Office Supplies,Storage,Recycled Steel Personal File for Hanging File Folders,538
FUR-TA-10003469,Furniture,Tables,Balt Split Level Computer Training Table,539
OFF-AR-10003179,Office Supplies,Art,Dixon Ticonderoga Core-Lock Colored Pencils,540
FUR-FU-10004017,Furniture,Furnishings,"Executive Impressions 13"" Chairman Wall Clock",541
OFF-BI-10002571,Office Supplies,Binders,"Avery Framed View Binder, EZD Ring (Locking), Navy, 1 1/2""",542
FUR-FU-10004164,Furniture,Furnishings,"Eldon 300 Class Desk Accessories, Black",543
OFF-BI-10004364,Office Supplies,Binders,Storex Dura Pro Binders,544
OFF-BI-10001072,Office Supplies,Binders,"GBC Clear Cover, 8-1/2 x 11, unpunched, 25 covers per pack",545
TEC-AC-10003033,Technology,Accessories,Plantronics CS510 - Over-the-Head monaural Wireless Headset System,546
TEC-AC-10000420,Technology,Accessories,Logitech G500s Laser Gaming Mouse with Adjustable Weight Tuning,547
TEC-AC-10004901,Technology,Accessories,Kensington SlimBlade Notebook Wireless Mouse with Nano Receiver ,548
OFF-ST-10000943,Office Supplies,Storage,Eldon ProFile File 'N Store Portable File Tub Letter/Legal Size Black,549
FUR-TA-10001932,Furniture,Tables,"Chromcraft 48"" x 96"" Racetrack Double Pedestal Table",550
FUR-CH-10004218,Furniture,Chairs,"Global Fabric Manager's Chair, Dark Gray",551
OFF-PA-10000246,Office Supplies,Paper,Riverleaf Stik-Withit Designer Note Cubes,552
OFF-BI-10003350,Office Supplies,Binders,Acco Expandable Hanging Binders,553
OFF-BI-10004233,Office Supplies,Binders,"GBC Pre-Punched Binding Paper, Plastic, White, 8-1/2"" x 11""",554
OFF-SU-10000157,Office Supplies,Supplies,Compact Automatic Electric Letter Opener,555
TEC-PH-10003535,Technology,Phones,RCA ViSYS 25423RE1 Corded phone,556
OFF-BI-10001890,Office Supplies,Binders,Avery Poly Binder Pockets,557
OFF-PA-10002606,Office Supplies,Paper,Xerox 1928,558
FUR-FU-10003731,Furniture,Furnishings,"Eldon Expressions Wood and Plastic Desk Accessories, Oak",559
FUR-FU-10003798,Furniture,Furnishings,"Ultra Door Kickplate, 8""H x 34""W",560
FUR-BO-10004709,Furniture,Bookcases,"Bush Westfield Collection Bookcases, Medium Cherry Finish",561
OFF-PA-10000520,Office Supplies,Paper,Xerox 201,562
TEC-AC-10001553,Technology,Accessories,"Memorex 25GB 6X Branded Blu-Ray Recordable Disc, 15/Pack",563
TEC-AC-10002567,Technology,Accessories,Logitech G602 Wireless Gaming Mouse,564
OFF-PA-10000501,Office Supplies,Paper,Petty Cash Envelope,565
TEC-AC-10001990,Technology,Accessories,Kensington Orbit Wireless Mobile Trackball for PC and Mac,566
OFF-BI-10001628,Office Supplies,Binders,"Acco Data Flex Cable Posts For Top & Bottom Load Binders, 6"" Capacity",567
TEC-AC-10002800,Technology,Accessories,Plantronics Audio 478 Stereo USB Headset,568
OFF-AR-10002766,Office Supplies,Art,Prang Drawing Pencil Set,569
OFF-SU-10002522,Office Supplies,Supplies,Acme Kleen Earth Office Shears,570
TEC-PH-10004120,Technology,Phones,AT&T 1080 Phone,571
OFF-PA-10000327,Office Supplies,Paper,Xerox 1971,572
FUR-BO-10000711,Furniture,Bookcases,"Hon Metal Bookcases, Gray",573
OFF-AP-10004655,Office Supplies,Appliances,"Holmes Visible Mist Ultrasonic Humidifier with 2.3-Gallon Output per Day, Replacement Filter",574
OFF-AP-10002906,Office Supplies,Appliances,Hoover Replacement Belt for Commercial Guardsman Heavy-Duty Upright Vacuum,575
OFF-PA-10000740,Office Supplies,Paper,Xerox 1982,576
TEC-PH-10000439,Technology,Phones,GE DSL Phone Line Filter,577
OFF-BI-10000404,Office Supplies,Binders,Avery Printable Repositionable Plastic Tabs,578
OFF-BI-10001249,Office Supplies,Binders,Avery Heavy-Duty EZD View Binder with Locking Rings,579
OFF-ST-10003638,Office Supplies,Storage,Mobile Personal File Cube,580
TEC-AC-10001539,Technology,Accessories,Logitech G430 Surround Sound Gaming Headset with Dolby 7.1 Technology,581
OFF-ST-10000991,Office Supplies,Storage,Space Solutions HD Industrial Steel Shelving.,582
OFF-LA-10004093,Office Supplies,Labels,Avery 486,583
OFF-AP-10000179,Office Supplies,Appliances,Honeywell Enviracaire Portable HEPA Air Cleaner for up to 10 x 16 Room,584
FUR-FU-10003930,Furniture,Furnishings,Howard Miller 12-3/4 Diameter Accuwave DS  Wall Clock,585
FUR-TA-10002774,Furniture,Tables,Laminate Occasional Tables,586
TEC-AC-10004001,Technology,Accessories,Logitech Wireless Headset H600 Over-The-Head Design,587
TEC-PH-10004071,Technology,Phones,PayAnywhere Card Reader,588
TEC-MA-10001047,Technology,Machines,"3D Systems Cube Printer, 2nd Generation, Magenta",589
FUR-FU-10000550,Furniture,Furnishings,Stacking Trays by OIC,590
OFF-BI-10002082,Office Supplies,Binders,GBC Twin Loop Wire Binding Elements,591
OFF-PA-10002250,Office Supplies,Paper,Things To Do Today Pad,592
FUR-FU-10000175,Furniture,Furnishings,DAX Wood Document Frame.,593
OFF-AR-10004999,Office Supplies,Art,Newell 315,594
OFF-AR-10003478,Office Supplies,Art,"Avery Hi-Liter EverBold Pen Style Fluorescent Highlighters, 4/Pack",595
TEC-PH-10003875,Technology,Phones,KLD Oscar II Style Snap-on Ultra Thin Side Flip Synthetic Leather Cover Case for HTC One HTC M7,596
OFF-AR-10002987,Office Supplies,Art,Prismacolor Color Pencil Set,597
OFF-LA-10000414,Office Supplies,Labels,Avery 503,598
TEC-AC-10002550,Technology,Accessories,"Memorex 25GB 6X Branded Blu-Ray Recordable Disc, 30/Pack",599
OFF-BI-10000546,Office Supplies,Binders,Avery Durable Binders,600
FUR-BO-10004690,Furniture,Bookcases,O'Sullivan Cherrywood Estates Traditional Barrister Bookcase,601
FUR-BO-10002545,Furniture,Bookcases,"Atlantic Metals Mobile 3-Shelf Bookcases, Custom Colors",602
FUR-CH-10002880,Furniture,Chairs,"Global High-Back Leather Tilter, Burgundy",603
FUR-FU-10003039,Furniture,Furnishings,"Howard Miller 11-1/2"" Diameter Grantwood Wall Clock",604
OFF-LA-10004425,Office Supplies,Labels,Staple-on labels,605
OFF-AR-10001897,Office Supplies,Art,Model L Table or Wall-Mount Pencil Sharpener,606
OFF-PA-10002666,Office Supplies,Paper,Southworth 25% Cotton Linen-Finish Paper & Envelopes,607
TEC-AC-10004975,Technology,Accessories,Plantronics Audio 995 Wireless Stereo Headset,608
OFF-ST-10001932,Office Supplies,Storage,Fellowes Staxonsteel Drawer Files,609
OFF-AR-10001761,Office Supplies,Art,Avery Hi-Liter Smear-Safe Highlighters,610
OFF-BI-10001634,Office Supplies,Binders,Wilson Jones Active Use Binders,611
FUR-CH-10002372,Furniture,Chairs,Office Star - Ergonomically Designed Knee Chair,612
FUR-FU-10001979,Furniture,Furnishings,Dana Halogen Swing-Arm Architect Lamp,613
TEC-AC-10003657,Technology,Accessories,Lenovo 17-Key USB Numeric Keypad,614
OFF-PA-10003022,Office Supplies,Paper,Xerox 1992,615
TEC-PH-10000213,Technology,Phones,Seidio BD2-HK3IPH5-BK DILEX Case and Holster Combo for Apple iPhone 5/5s - Black,616
OFF-AP-10000828,Office Supplies,Appliances,Avanti 4.4 Cu. Ft. Refrigerator,617
TEC-AC-10004708,Technology,Accessories,Sony 32GB Class 10 Micro SDHC R40 Memory Card,618
TEC-PH-10001530,Technology,Phones,Cisco Unified IP Phone 7945G VoIP phone,619
OFF-PA-10000807,Office Supplies,Paper,"TOPS ""Important Message"" Pads, Canary, 4-1/4 x 5-1/2, 50 Sheets per Pad",620
TEC-PH-10004536,Technology,Phones,Avaya 5420 Digital phone,621
OFF-PA-10004353,Office Supplies,Paper,Southworth 25% Cotton Premium Laser Paper and Envelopes,622
FUR-FU-10004848,Furniture,Furnishings,DAX Solid Wood Frames,623
OFF-LA-10003388,Office Supplies,Labels,Avery 5,624
FUR-TA-10002855,Furniture,Tables,Bevis Round Conference Table Top & Single Column Base,625
FUR-CH-10004886,Furniture,Chairs,Bevis Steel Folding Chairs,626
OFF-PA-10003657,Office Supplies,Paper,Xerox 1927,627
OFF-BI-10003984,Office Supplies,Binders,Lock-Up Easel 'Spel-Binder',628
OFF-AP-10002350,Office Supplies,Appliances,Belkin F9H710-06 7 Outlet SurgeMaster Surge Protector,629
OFF-PA-10001892,Office Supplies,Paper,"Rediform Wirebound ""Phone Memo"" Message Book, 11 x 5-3/4",630
OFF-AR-10002445,Office Supplies,Art,SANFORD Major Accent Highlighters,631
OFF-BI-10004817,Office Supplies,Binders,GBC Personal VeloBind Strips,632
OFF-PA-10002709,Office Supplies,Paper,Xerox 1956,633
OFF-AR-10000390,Office Supplies,Art,Newell Chalk Holder,634
OFF-AR-10003469,Office Supplies,Art,Nontoxic Chalk,635
OFF-BI-10003718,Office Supplies,Binders,GBC Therma-A-Bind 250T Electric Binding System,636
OFF-FA-10004838,Office Supplies,Fasteners,"Super Bands, 12/Pack",637
FUR-FU-10002508,Furniture,Furnishings,Document Clip Frames,638
OFF-ST-10001511,Office Supplies,Storage,Space Solutions Commercial Steel Shelving,639
OFF-SU-10004115,Office Supplies,Supplies,Acme Stainless Steel Office Snips,640
OFF-AP-10001947,Office Supplies,Appliances,Acco 6 Outlet Guardian Premium Plus Surge Suppressor,641
OFF-PA-10003790,Office Supplies,Paper,Xerox 1991,642
OFF-PA-10003134,Office Supplies,Paper,Xerox 1937,643
OFF-EN-10004459,Office Supplies,Envelopes,Security-Tint Envelopes,644
TEC-AC-10003628,Technology,Accessories,Logitech 910-002974 M325 Wireless Mouse for Web Scrolling,645
FUR-FU-10000719,Furniture,Furnishings,"DAX Cubicle Frames, 8-1/2 x 11",646
OFF-BI-10002827,Office Supplies,Binders,Avery Durable Poly Binders,647
FUR-BO-10001601,Furniture,Bookcases,"Sauder Mission Library with Doors, Fruitwood Finish",648
OFF-BI-10000320,Office Supplies,Binders,GBC Plastic Binding Combs,649
FUR-CH-10003846,Furniture,Chairs,Hon Valutask Swivel Chairs,650
FUR-CH-10004875,Furniture,Chairs,Harbour Creations 67200 Series Stacking Chairs,651
FUR-CH-10003817,Furniture,Chairs,"Global Value Steno Chair, Gray",652
FUR-FU-10002116,Furniture,Furnishings,"Tenex Carpeted, Granite-Look or Clear Contemporary Contour Shape Chair Mats",653
TEC-PH-10000441,Technology,Phones,VTech DS6151,654
OFF-AR-10001166,Office Supplies,Art,Staples in misc. colors,655
OFF-PA-10001609,Office Supplies,Paper,Tops Wirebound Message Log Books,656
TEC-AC-10003116,Technology,Accessories,Memorex Froggy Flash Drive 8 GB,657
FUR-FU-10004586,Furniture,Furnishings,G.E. Longer-Life Indoor Recessed Floodlight Bulbs,658
TEC-AC-10002018,Technology,Accessories,AmazonBasics 3-Button USB Wired Mouse,659
OFF-BI-10003355,Office Supplies,Binders,Cardinal Holdit Business Card Pockets,660
OFF-SU-10001212,Office Supplies,Supplies,Kleencut Forged Office Shears by Acme United Corporation,661
TEC-PH-10000486,Technology,Phones,Plantronics HL10 Handset Lifter,662
OFF-PA-10000806,Office Supplies,Paper,Xerox 1934,663
OFF-PA-10002870,Office Supplies,Paper,"Ampad Phone Message Book, Recycled, 400 Message Capacity, 5 ¾ x 11",664
OFF-PA-10004983,Office Supplies,Paper,Xerox 23,665
FUR-FU-10002396,Furniture,Furnishings,"DAX Copper Panel Document Frame, 5 x 7 Size",666
TEC-PH-10003988,Technology,Phones,"LF Elite 3D Dazzle Designer Hard Case Cover, Lf Stylus Pen and Wiper For Apple Iphone 5c Mini Lite",667
OFF-AR-10002467,Office Supplies,Art,Dixon Ticonderoga Pencils,668
OFF-BI-10004002,Office Supplies,Binders,Wilson Jones International Size A4 Ring Binders,669
OFF-BI-10002309,Office Supplies,Binders,Avery Heavy-Duty EZD  Binder With Locking Rings,670
OFF-FA-10004968,Office Supplies,Fasteners,Rubber Band Ball,671
OFF-ST-10000532,Office Supplies,Storage,Advantus Rolling Drawer Organizers,672
OFF-AR-10002335,Office Supplies,Art,DIXON Oriole Pencils,673
OFF-BI-10000201,Office Supplies,Binders,"Avery Triangle Shaped Sheet Lifters, Black, 2/Pack",674
FUR-CH-10003761,Furniture,Chairs,Global Italian Leather Office Chair,675
OFF-PA-10002230,Office Supplies,Paper,Xerox 1897,676
FUR-CH-10003746,Furniture,Chairs,Hon 4070 Series Pagoda Round Back Stacking Chairs,677
OFF-BI-10003476,Office Supplies,Binders,Avery Metallic Poly Binders,678
OFF-ST-10001469,Office Supplies,Storage,Fellowes Bankers Box Recycled Super Stor/Drawer,679
OFF-PA-10000349,Office Supplies,Paper,Easy-staple paper,680
OFF-PA-10002421,Office Supplies,Paper,Embossed Ink Jet Note Cards,681
FUR-FU-10004090,Furniture,Furnishings,"Executive Impressions 14"" Contract Wall Clock",682
OFF-PA-10004071,Office Supplies,Paper,"Eaton Premium Continuous-Feed Paper, 25% Cotton, Letter Size, White, 1000 Shts/Box",683
OFF-SU-10001664,Office Supplies,Supplies,Acme Office Executive Series Stainless Steel Trimmers,684
OFF-AP-10003971,Office Supplies,Appliances,Belkin 6 Outlet Metallic Surge Strip,685
TEC-AC-10000199,Technology,Accessories,Kingston Digital DataTraveler 8GB USB 2.0,686
OFF-BI-10001120,Office Supplies,Binders,Ibico EPK-21 Electric Binding System,687
OFF-ST-10000136,Office Supplies,Storage,Letter Size File,688
TEC-PH-10004522,Technology,Phones,Dexim XPower Skin Super-Thin Power Case for iPhone 5 - Black,689
OFF-BI-10004828,Office Supplies,Binders,GBC Poly Designer Binding Covers,690
FUR-CH-10004626,Furniture,Chairs,Office Star Flex Back Scooter Chair with Aluminum Finish Frame,691
OFF-BI-10002071,Office Supplies,Binders,Fellowes Black Plastic Comb Bindings,692
OFF-PA-10003129,Office Supplies,Paper,Tops White Computer Printout Paper,693
OFF-AP-10004036,Office Supplies,Appliances,Bionaire 99.97% HEPA Air Cleaner,694
FUR-TA-10004086,Furniture,Tables,KI Adjustable-Height Table,695
TEC-PH-10000307,Technology,Phones,Shocksock Galaxy S4 Armband,696
FUR-FU-10002088,Furniture,Furnishings,Nu-Dell Float Frame 11 x 14 1/2,697
OFF-ST-10002485,Office Supplies,Storage,Rogers Deluxe File Chest,698
OFF-BI-10004528,Office Supplies,Binders,Cardinal Poly Pocket Divider Pockets for Ring Binders,699
OFF-AR-10001026,Office Supplies,Art,"Sanford Uni-Blazer View Highlighters, Chisel Tip, Yellow",700
OFF-BI-10002215,Office Supplies,Binders,"Wilson Jones Hanging View Binder, White, 1""",701
FUR-FU-10000305,Furniture,Furnishings,"Tenex V2T-RE Standard Weight Series Chair Mat, 45"" x 53"", Lip 25"" x 12""",702
OFF-AP-10004980,Office Supplies,Appliances,3M Replacement Filter for Office Air Cleaner for 20' x 33' Room,703
TEC-PH-10002789,Technology,Phones,LG Exalt,704
OFF-EN-10003448,Office Supplies,Envelopes,"Peel & Seel Recycled Catalog Envelopes, Brown",705
OFF-EN-10000461,Office Supplies,Envelopes,"#10- 4 1/8"" x 9 1/2"" Recycled Envelopes",706
OFF-PA-10001033,Office Supplies,Paper,Xerox 1893,707
OFF-AP-10000358,Office Supplies,Appliances,Fellowes Basic Home/Office Series Surge Protectors,708
TEC-AC-10002345,Technology,Accessories,HP Standard 104 key PS/2 Keyboard,709
OFF-PA-10004438,Office Supplies,Paper,Xerox 1907,710
OFF-BI-10004224,Office Supplies,Binders,Catalog Binders with Expanding Posts,711
OFF-PA-10001745,Office Supplies,Paper,"Wirebound Message Books, 2 7/8"" x 5"", 3 Forms per Page",712
TEC-MA-10003173,Technology,Machines,Hewlett-Packard 300S Scientific Calculator,713
TEC-AC-10002134,Technology,Accessories,Rosewill 107 Normal Keys USB Wired Standard Keyboard,714
FUR-FU-10001546,Furniture,Furnishings,Dana Swing-Arm Lamps,715
FUR-FU-10000629,Furniture,Furnishings,9-3/4 Diameter Round Wall Clock,716
OFF-ST-10000036,Office Supplies,Storage,"Recycled Data-Pak for Archival Bound Computer Printouts, 12-1/2 x 12-1/2 x 16",717
TEC-PH-10002583,Technology,Phones,iOttie HLCRIO102 Car Mount,718
FUR-FU-10002364,Furniture,Furnishings,"Eldon Expressions Wood Desk Accessories, Oak",719
FUR-FU-10004864,Furniture,Furnishings,Eldon 500 Class Desk Accessories,720
OFF-PA-10003172,Office Supplies,Paper,Xerox 1996,721
OFF-BI-10000977,Office Supplies,Binders,Ibico Plastic Spiral Binding Combs,722
FUR-TA-10000198,Furniture,Tables,Chromcraft Bull-Nose Wood Oval Conference Tables & Bases,723
FUR-FU-10003691,Furniture,Furnishings,"Eldon Image Series Desk Accessories, Ebony",724
TEC-PH-10004922,Technology,Phones,RCA Visys Integrated PBX 8-Line Router,725
OFF-PA-10001019,Office Supplies,Paper,Xerox 1884,726
OFF-BI-10000014,Office Supplies,Binders,Heavy-Duty E-Z-D Binders,727
FUR-BO-10003433,Furniture,Bookcases,Sauder Cornerstone Collection Library,728
FUR-FU-10004665,Furniture,Furnishings,"3M Polarizing Task Lamp with Clamp Arm, Light Gray",729
FUR-FU-10004188,Furniture,Furnishings,Luxo Professional Combination Clamp-On Lamps,730
OFF-LA-10002787,Office Supplies,Labels,Avery 480,731
OFF-LA-10001569,Office Supplies,Labels,Avery 499,732
FUR-BO-10000362,Furniture,Bookcases,Sauder Inglewood Library Bookcases,733
TEC-PH-10002398,Technology,Phones,AT&T 1070 Corded Phone,734
TEC-AC-10003399,Technology,Accessories,Memorex Mini Travel Drive 64 GB USB 2.0 Flash Drive,735
OFF-FA-10000992,Office Supplies,Fasteners,"Acco Clips to Go Binder Clips, 24 Clips in Two Sizes",736
OFF-AP-10000390,Office Supplies,Appliances,Euro Pro Shark Stick Mini Vacuum,737
TEC-PH-10004188,Technology,Phones,OtterBox Commuter Series Case - Samsung Galaxy S4,738
OFF-BI-10000138,Office Supplies,Binders,Acco Translucent Poly Ring Binders,739
OFF-AR-10001545,Office Supplies,Art,Newell 326,740
FUR-BO-10004218,Furniture,Bookcases,"Bush Heritage Pine Collection 5-Shelf Bookcase, Albany Pine Finish, *Special Order",741
TEC-PH-10003442,Technology,Phones,Samsung Replacement EH64AVFWE Premium Headset,742
TEC-AC-10001542,Technology,Accessories,SanDisk Cruzer 16 GB USB Flash Drive,743
FUR-FU-10003464,Furniture,Furnishings,"Seth Thomas 8 1/2"" Cubicle Clock",744
OFF-PA-10004733,Office Supplies,Paper,Things To Do Today Spiral Book,745
OFF-PA-10000167,Office Supplies,Paper,Xerox 1925,746
TEC-PH-10002185,Technology,Phones,QVS USB Car Charger 2-Port 2.1Amp for iPod/iPhone/iPad/iPad 2/iPad 3,747
OFF-PA-10000069,Office Supplies,Paper,"TOPS 4 x 6 Fluorescent Color Memo Sheets, 500 Sheets per Pack",748
TEC-AC-10003870,Technology,Accessories,Logitech Z-906 Speaker sys - home theater - 5.1-CH,749
OFF-PA-10000157,Office Supplies,Paper,Xerox 191,750
OFF-BI-10001721,Office Supplies,Binders,Trimflex Flexible Post Binders,751
OFF-PA-10001534,Office Supplies,Paper,Xerox 230,752
OFF-SU-10000381,Office Supplies,Supplies,Acme Forged Steel Scissors with Black Enamel Handles,753
OFF-AR-10003183,Office Supplies,Art,Avery Fluorescent Highlighter Four-Color Set,754
OFF-SU-10000432,Office Supplies,Supplies,Acco Side-Punched Conventional Columnar Pads,755
OFF-PA-10000048,Office Supplies,Paper,Xerox 20,756
OFF-LA-10004853,Office Supplies,Labels,Avery 483,757
TEC-AC-10001908,Technology,Accessories,Logitech Wireless Headset h800,758
OFF-AR-10000817,Office Supplies,Art,Manco Dry-Lighter Erasable Highlighter,759
FUR-FU-10000755,Furniture,Furnishings,Eldon Expressions Mahogany Wood Desk Collection,760
FUR-TA-10002530,Furniture,Tables,"Iceberg OfficeWorks 42"" Round Tables",761
OFF-PA-10000143,Office Supplies,Paper,Astroparche Fine Business Paper,762
OFF-AR-10003829,Office Supplies,Art,Newell 35,763
FUR-FU-10001095,Furniture,Furnishings,DAX Black Cherry Wood-Tone Poster Frame,764
TEC-CO-10004115,Technology,Copiers,Sharp AL-1530CS Digital Copier,765
OFF-PA-10003363,Office Supplies,Paper,Xerox 204,766
TEC-PH-10003655,Technology,Phones,Sannysis Cute Owl Design Soft Skin Case Cover for Samsung Galaxy S4,767
OFF-PA-10000232,Office Supplies,Paper,Xerox 1975,768
TEC-MA-10004679,Technology,Machines,StarTech.com 10/100 VDSL2 Ethernet Extender Kit,769
OFF-PA-10003651,Office Supplies,Paper,Xerox 1968,770
OFF-PA-10000743,Office Supplies,Paper,Xerox 1977,771
FUR-FU-10003829,Furniture,Furnishings,Stackable Trays,772
TEC-PH-10004447,Technology,Phones,Toshiba IPT2010-SD IP Telephone,773
TEC-MA-10003329,Technology,Machines,"Vtech AT&T CL2940 Corded Speakerphone, Black",774
OFF-AR-10003504,Office Supplies,Art,Newell 347,775
FUR-FU-10000747,Furniture,Furnishings,Tenex B1-RE Series Chair Mats for Low Pile Carpets,776
TEC-PH-10001795,Technology,Phones,ClearOne CHATAttach 160 - speaker phone,777
TEC-AC-10002718,Technology,Accessories,Belkin Standard 104 key USB Keyboard,778
OFF-BI-10003314,Office Supplies,Binders,Tuff Stuff Recycled Round Ring Binders,779
OFF-AR-10004165,Office Supplies,Art,"Binney & Smith inkTank Erasable Pocket Highlighter, Chisel Tip, Yellow",780
FUR-CH-10002335,Furniture,Chairs,Hon GuestStacker Chair,781
OFF-BI-10000136,Office Supplies,Binders,Avery Non-Stick Heavy Duty View Round Locking Ring Binders,782
TEC-AC-10003610,Technology,Accessories,Logitech Illuminated - Keyboard,783
OFF-PA-10002764,Office Supplies,Paper,Easy-staple paper,784
OFF-BI-10002353,Office Supplies,Binders,GBC VeloBind Cover Sets,785
OFF-AP-10001303,Office Supplies,Appliances,"Holmes Cool Mist Humidifier for the Whole House with 8-Gallon Output per Day, Extended Life Filter",786
OFF-LA-10002762,Office Supplies,Labels,Avery 485,787
OFF-ST-10003058,Office Supplies,Storage,Eldon Mobile Mega Data Cart  Mega Stackable  Add-On Trays,788
FUR-BO-10002213,Furniture,Bookcases,DMI Eclipse Executive Suite Bookcases,789
TEC-PH-10002170,Technology,Phones,ClearSounds CSC500 Amplified Spirit Phone Corded phone,790
TEC-PH-10000169,Technology,Phones,ARKON Windshield Dashboard Air Vent Car Mount Holder,791
FUR-TA-10001086,Furniture,Tables,"SAFCO PlanMaster Boards, 60w x 37-1/2d, White Melamine",792
FUR-BO-10001519,Furniture,Bookcases,O'Sullivan 3-Shelf Heavy-Duty Bookcases,793
TEC-PH-10001363,Technology,Phones,Apple iPhone 5S,794
OFF-ST-10004835,Office Supplies,Storage,Plastic Stacking Crates & Casters,795
OFF-PA-10001826,Office Supplies,Paper,Xerox 207,796
OFF-AR-10001231,Office Supplies,Art,"Sanford EarthWrite Recycled Pencils, Medium Soft, #2",797
OFF-BI-10004390,Office Supplies,Binders,GBC DocuBind 200 Manual Binding Machine,798
TEC-PH-10001700,Technology,Phones,Panasonic KX-TG6844B Expandable Digital Cordless Telephone,799
FUR-CH-10001708,Furniture,Chairs,Office Star - Contemporary Swivel Chair with Padded Adjustable Arms and Flex Back,800
OFF-PA-10002222,Office Supplies,Paper,"Xerox Color Copier Paper, 11"" x 17"", Ream",801
OFF-AP-10002222,Office Supplies,Appliances,Staple holder,802
TEC-AC-10000158,Technology,Accessories,Sony 64GB Class 10 Micro SDHC R40 Memory Card,803
FUR-CH-10000155,Furniture,Chairs,Global Comet Stacking Armless Chair,804
OFF-AP-10002578,Office Supplies,Appliances,"Fellowes Premier Superior Surge Suppressor, 10-Outlet, With Phone and Remote",805
OFF-BI-10003925,Office Supplies,Binders,Fellowes PB300 Plastic Comb Binding Machine,806
OFF-AR-10003481,Office Supplies,Art,Newell 348,807
TEC-AC-10000387,Technology,Accessories,KeyTronic KT800P2 - Keyboard - Black,808
OFF-LA-10000262,Office Supplies,Labels,Avery 494,809
TEC-PH-10002114,Technology,Phones,Xiaomi Mi3,810
OFF-PA-10002986,Office Supplies,Paper,Xerox 1898,811
FUR-BO-10001608,Furniture,Bookcases,"Hon Metal Bookcases, Black",812
OFF-BI-10001758,Office Supplies,Binders,Wilson Jones 14 Line Acrylic Coated Pressboard Data Binders,813
TEC-AC-10003237,Technology,Accessories,Memorex Micro Travel Drive 4 GB,814
OFF-ST-10002011,Office Supplies,Storage,Smead Adjustable Mobile File Trolley with Lockable Top,815
TEC-PH-10004897,Technology,Phones,Mediabridge Sport Armband iPhone 5s,816
OFF-LA-10000121,Office Supplies,Labels,Avery 48,817
TEC-PH-10000127,Technology,Phones,iOttie XL Car Mount,818
OFF-BI-10004506,Office Supplies,Binders,Wilson Jones data.warehouse D-Ring Binders with DublLock,819
TEC-AC-10004595,Technology,Accessories,First Data TMFD35 PIN Pad,820
OFF-ST-10000604,Office Supplies,Storage,Home/Office Personal File Carts,821
TEC-PH-10000148,Technology,Phones,Cyber Acoustics AC-202b Speech Recognition Stereo Headset,822
OFF-ST-10002554,Office Supplies,Storage,Tennsco Industrial Shelving,823
OFF-BI-10004209,Office Supplies,Binders,"Fellowes Twister Kit, Gray/Clear, 3/pkg",824
OFF-AP-10001962,Office Supplies,Appliances,Black & Decker Filter for Double Action Dustbuster Cordless Vac BLDV7210,825
TEC-PH-10002922,Technology,Phones,ShoreTel ShorePhone IP 230 VoIP phone,826
OFF-FA-10001883,Office Supplies,Fasteners,"Alliance Super-Size Bands, Assorted Sizes",827
OFF-BI-10001597,Office Supplies,Binders,"Wilson Jones Ledger-Size, Piano-Hinge Binder, 2"", Blue",828
TEC-AC-10002331,Technology,Accessories,"Maxell 74 Minute CDR, 10/Pack",829
FUR-FU-10004963,Furniture,Furnishings,"Eldon 400 Class Desk Accessories, Black Carbon",830
OFF-ST-10000025,Office Supplies,Storage,Fellowes Stor/Drawer Steel Plus Storage Drawers,831
TEC-PH-10004389,Technology,Phones,Nokia Lumia 925,832
OFF-LA-10002381,Office Supplies,Labels,Avery 497,833
OFF-ST-10000918,Office Supplies,Storage,Crate-A-Files,834
TEC-PH-10001750,Technology,Phones,Samsung Rugby III,835
OFF-AR-10001919,Office Supplies,Art,"OIC #2 Pencils, Medium Soft",836
OFF-AR-10003045,Office Supplies,Art,Prang Colored Pencils,837
OFF-AR-10003338,Office Supplies,Art,"Eberhard Faber 3 1/2"" Golf Pencils",838
FUR-CH-10003298,Furniture,Chairs,"Office Star - Contemporary Task Swivel chair with Loop Arms, Charcoal",839
OFF-LA-10004544,Office Supplies,Labels,Avery 505,840
OFF-PA-10004782,Office Supplies,Paper,Xerox 228,841
OFF-PA-10001593,Office Supplies,Paper,Xerox 1947,842
FUR-FU-10001488,Furniture,Furnishings,"Tenex 46"" x 60"" Computer Anti-Static Chairmat, Rectangular Shaped",843
OFF-AR-10001915,Office Supplies,Art,Peel-Off China Markers,844
OFF-AP-10001205,Office Supplies,Appliances,Belkin 5 Outlet SurgeMaster Power Centers,845
OFF-AR-10001315,Office Supplies,Art,Newell 310,846
OFF-PA-10001363,Office Supplies,Paper,Xerox 1933,847
TEC-PH-10003171,Technology,Phones,Plantronics Encore H101 Dual Earpieces Headset,848
OFF-ST-10003123,Office Supplies,Storage,Fellowes Bases and Tops For Staxonsteel/High-Stak Systems,849
OFF-BI-10003007,Office Supplies,Binders,"Premium Transparent Presentation Covers, No Pattern/Clear, 8 1/2"" x 11""",850
OFF-PA-10000483,Office Supplies,Paper,Xerox 19,851
FUR-CH-10002304,Furniture,Chairs,"Global Stack Chair without Arms, Black",852
OFF-ST-10002406,Office Supplies,Storage,Pizazz Global Quick File,853
OFF-AR-10004010,Office Supplies,Art,Hunt Boston Vacuum Mount KS Pencil Sharpener,854
TEC-PH-10000576,Technology,Phones,AT&T 1080 Corded phone,855
OFF-AP-10001469,Office Supplies,Appliances,Fellowes 8 Outlet Superior Workstation Surge Protector,856
TEC-CO-10001943,Technology,Copiers,Canon PC-428 Personal Copier,857
OFF-FA-10004854,Office Supplies,Fasteners,"Vinyl Coated Wire Paper Clips in Organizer Box, 800/Box",858
OFF-PA-10000061,Office Supplies,Paper,Xerox 205,859
FUR-CH-10003535,Furniture,Chairs,"Global Armless Task Chair, Royal Blue",860
FUR-FU-10000965,Furniture,Furnishings,"Howard Miller 11-1/2"" Diameter Ridgewood Wall Clock",861
OFF-AP-10002472,Office Supplies,Appliances,3M Office Air Cleaner,862
TEC-AC-10002006,Technology,Accessories,Memorex Micro Travel Drive 16 GB,863
OFF-BI-10004318,Office Supplies,Binders,Ibico EB-19 Dual Function Manual Binding System,864
OFF-PA-10000062,Office Supplies,Paper,Green Bar Computer Printout Paper,865
OFF-FA-10001843,Office Supplies,Fasteners,Staples,866
FUR-BO-10003159,Furniture,Bookcases,"Sauder Camden County Collection Libraries, Planked Cherry Finish",867
OFF-AP-10003040,Office Supplies,Appliances,Fellowes 8 Outlet Superior Workstation Surge Protector w/o Phone/Fax/Modem Protection,868
OFF-PA-10001260,Office Supplies,Paper,"TOPS Money Receipt Book, Consecutively Numbered in Red,",869
OFF-BI-10001460,Office Supplies,Binders,Plastic Binding Combs,870
OFF-ST-10001328,Office Supplies,Storage,"Personal Filing Tote with Lid, Black/Gray",871
TEC-PH-10003601,Technology,Phones,"Ativa D5772 2-Line 5.8GHz Digital Expandable Corded/Cordless Phone System with Answering & Caller ID/Call Waiting, Black/Silver",872
OFF-PA-10001994,Office Supplies,Paper,"Ink Jet Note and Greeting Cards, 8-1/2"" x 5-1/2"" Card Size",873
OFF-EN-10001453,Office Supplies,Envelopes,"Tyvek Interoffice Envelopes, 9 1/2"" x 12 1/2"", 100/Box",874
TEC-AC-10000844,Technology,Accessories,Logitech Gaming G510s - Keyboard,875
OFF-PA-10003848,Office Supplies,Paper,Xerox 1997,876
OFF-LA-10004545,Office Supplies,Labels,Avery 50,877
FUR-FU-10004952,Furniture,Furnishings,"C-Line Cubicle Keepers Polyproplyene Holder w/Velcro Back, 8-1/2x11, 25/Bx",878
OFF-PA-10003001,Office Supplies,Paper,Xerox 1986,879
TEC-CO-10001449,Technology,Copiers,Hewlett Packard LaserJet 3310 Copier,880
OFF-ST-10003221,Office Supplies,Storage,Staple magnet,881
TEC-AC-10001714,Technology,Accessories,Logitech MX Performance Wireless Mouse,882
OFF-PA-10002195,Office Supplies,Paper,Xerox 1966,883
OFF-BI-10000829,Office Supplies,Binders,Avery Non-Stick Binders,884
OFF-SU-10003002,Office Supplies,Supplies,Letter Slitter,885
OFF-AP-10002118,Office Supplies,Appliances,"1.7 Cubic Foot Compact ""Cube"" Office Refrigerators",886
OFF-LA-10003720,Office Supplies,Labels,Avery 487,887
TEC-PH-10002538,Technology,Phones,Grandstream GXP1160 VoIP phone,888
OFF-BI-10000279,Office Supplies,Binders,"Acco Recycled 2"" Capacity Laser Printer Hanging Data Binders",889
FUR-TA-10003392,Furniture,Tables,Global Adaptabilities Conference Tables,890
TEC-PH-10002555,Technology,Phones,Nortel Meridian M5316 Digital phone,891
OFF-ST-10004946,Office Supplies,Storage,Desktop 3-Pocket Hot File,892
OFF-PA-10002581,Office Supplies,Paper,Xerox 1951,893
OFF-ST-10000344,Office Supplies,Storage,"Neat Ideas Personal Hanging Folder Files, Black",894
TEC-PH-10001644,Technology,Phones,"BlueLounge Milo Smartphone Stand, White/Metallic",895
OFF-AR-10001427,Office Supplies,Art,Newell 330,896
OFF-BI-10001078,Office Supplies,Binders,"Acco PRESSTEX Data Binder with Storage Hooks, Dark Blue, 14 7/8"" X 11""",897
TEC-PH-10000193,Technology,Phones,Jensen SMPS-640 - speaker phone,898
OFF-LA-10000305,Office Supplies,Labels,Avery 495,899
FUR-BO-10001972,Furniture,Bookcases,O'Sullivan 4-Shelf Bookcase in Odessa Pine,900
OFF-ST-10002486,Office Supplies,Storage,Eldon Shelf Savers Cubes and Bins,901
OFF-BI-10002557,Office Supplies,Binders,Presstex Flexible Ring Binders,902
OFF-PA-10000289,Office Supplies,Paper,Xerox 213,903
FUR-FU-10001934,Furniture,Furnishings,Magnifier Swing Arm Lamp,904
OFF-LA-10003766,Office Supplies,Labels,Self-Adhesive Removable Labels,905
OFF-BI-10001543,Office Supplies,Binders,GBC VeloBinder Manual Binding System,906
FUR-FU-10004597,Furniture,Furnishings,Eldon Cleatmat Chair Mats for Medium Pile Carpets,907
TEC-MA-10001148,Technology,Machines,Swingline SM12-08 MicroCut Jam Free Shredder,908
OFF-SU-10004884,Office Supplies,Supplies,Acme Galleria Hot Forged Steel Scissors with Colored Handles,909
OFF-AR-10001958,Office Supplies,Art,Stanley Bostitch Contemporary Electric Pencil Sharpeners,910
TEC-AC-10000474,Technology,Accessories,Kensington Expert Mouse Optical USB Trackball for PC or Mac,911
TEC-PH-10001494,Technology,Phones,Polycom CX600 IP Phone VoIP phone,912
OFF-PA-10004996,Office Supplies,Paper,"Speediset Carbonless Redi-Letter 7"" x 8 1/2""",913
OFF-ST-10002574,Office Supplies,Storage,"SAFCO Commercial Wire Shelving, Black",914
OFF-ST-10003641,Office Supplies,Storage,Space Solutions Industrial Galvanized Steel Shelving.,915
TEC-MA-10001148,Technology,Machines,Okidata MB491 Multifunction Printer,916
OFF-BI-10000605,Office Supplies,Binders,"Acco Pressboard Covers with Storage Hooks, 9 1/2"" x 11"", Executive Red",917
OFF-BI-10000309,Office Supplies,Binders,"GBC Twin Loop Wire Binding Elements, 9/16"" Spine, Black",918
OFF-PA-10003349,Office Supplies,Paper,Xerox 1957,919
OFF-PA-10003063,Office Supplies,Paper,EcoTones Memo Sheets,920
FUR-TA-10004607,Furniture,Tables,Hon 2111 Invitation Series Straight Table,921
TEC-AC-10004145,Technology,Accessories,Logitech diNovo Edge Keyboard,922
OFF-PA-10004239,Office Supplies,Paper,Xerox 1953,923
OFF-AP-10001626,Office Supplies,Appliances,"Commercial WindTunnel Clean Air Upright Vacuum, Replacement Belts, Filtration Bags",924
TEC-PH-10002447,Technology,Phones,AT&T CL83451 4-Handset Telephone,925
OFF-PA-10000605,Office Supplies,Paper,Xerox 1950,926
TEC-PH-10000560,Technology,Phones,Samsung Galaxy S III - 16GB - pebble blue (T-Mobile),927
OFF-ST-10003455,Office Supplies,Storage,"Tenex File Box, Personal Filing Tote with Lid, Black",928
FUR-FU-10002937,Furniture,Furnishings,"GE 48"" Fluorescent Tube, Cool White Energy Saver, 34 Watts, 30/Box",929
OFF-ST-10001837,Office Supplies,Storage,"SAFCO Mobile Desk Side File, Wire Frame",930
OFF-AR-10004757,Office Supplies,Art,Crayola Colored Pencils,931
OFF-AP-10000159,Office Supplies,Appliances,Belkin F9M820V08 8 Outlet Surge,932
TEC-AC-10001013,Technology,Accessories,Logitech ClearChat Comfort/USB Headset H390,933
OFF-LA-10004409,Office Supplies,Labels,Avery 492,934
OFF-EN-10001028,Office Supplies,Envelopes,Staple envelope,935
OFF-PA-10002245,Office Supplies,Paper,Xerox 1895,936
OFF-SU-10004231,Office Supplies,Supplies,Acme Tagit Stainless Steel Antibacterial Scissors,937
OFF-BI-10003707,Office Supplies,Binders,Aluminum Screw Posts,938
FUR-BO-10003546,Furniture,Bookcases,Hon 4-Shelf Metal Bookcases,939
FUR-FU-10003142,Furniture,Furnishings,"Master Big Foot Doorstop, Beige",940
FUR-BO-10003894,Furniture,Bookcases,"Safco Value Mate Steel Bookcase, Baked Enamel Finish on Steel, Black",941
FUR-CH-10001190,Furniture,Chairs,Global Deluxe High-Back Office Chair in Storm,942
FUR-BO-10000468,Furniture,Bookcases,O'Sullivan 2-Shelf Heavy-Duty Bookcases,943
OFF-PA-10000791,Office Supplies,Paper,"Wirebound Message Books, Four 2 3/4 x 5 Forms per Page, 200 Sets per Book",944
OFF-AR-10001149,Office Supplies,Art,"Sanford Colorific Colored Pencils, 12/Box",945
OFF-AR-10004707,Office Supplies,Art,Staples in misc. colors,946
OFF-BI-10002414,Office Supplies,Binders,GBC ProClick Spines for 32-Hole Punch,947
OFF-AR-10003696,Office Supplies,Art,Panasonic KP-350BK Electric Pencil Sharpener with Auto Stop,948
FUR-CH-10004495,Furniture,Chairs,"Global Leather and Oak Executive Chair, Black",949
FUR-CH-10001270,Furniture,Chairs,Harbour Creations Steel Folding Chair,950
TEC-MA-10001695,Technology,Machines,Zebra GK420t Direct Thermal/Thermal Transfer Printer,951
OFF-BI-10002824,Office Supplies,Binders,Recycled Easel Ring Binders,952
TEC-MA-10002073,Technology,Machines,"3D Systems Cube Printer, 2nd Generation, White",953
OFF-AP-10000240,Office Supplies,Appliances,Belkin F9G930V10-GRY 9 Outlet Surge,954
FUR-FU-10004091,Furniture,Furnishings,"Howard Miller 13"" Diameter Goldtone Round Wall Clock",955
OFF-AR-10002067,Office Supplies,Art,Newell 334,956
OFF-AP-10002191,Office Supplies,Appliances,Belkin 8 Outlet SurgeMaster II Gold Surge Protector,957
OFF-PA-10003177,Office Supplies,Paper,Xerox 1999,958
TEC-AC-10001114,Technology,Accessories,Microsoft Wireless Mobile Mouse 4000,959
OFF-AP-10000027,Office Supplies,Appliances,Hoover Commercial SteamVac,960
OFF-PA-10001870,Office Supplies,Paper,Xerox 202,961
OFF-AR-10004078,Office Supplies,Art,Newell 312,962
OFF-AR-10001953,Office Supplies,Art,Boston 1645 Deluxe Heavier-Duty Electric Pencil Sharpener,963
OFF-FA-10000936,Office Supplies,Fasteners,Acco Hot Clips Clips to Go,964
TEC-PH-10004080,Technology,Phones,Avaya 5410 Digital phone,965
OFF-AR-10003770,Office Supplies,Art,Newell 340,966
FUR-TA-10003954,Furniture,Tables,Hon 94000 Series Round Tables,967
OFF-ST-10003996,Office Supplies,Storage,"Letter/Legal File Tote with Clear Snap-On Lid, Black Granite",968
OFF-PA-10003641,Office Supplies,Paper,Xerox 1909,969
TEC-PH-10003580,Technology,Phones,Cisco IP Phone 7961G-GE VoIP phone,970
TEC-AC-10004227,Technology,Accessories,SanDisk Ultra 16 GB MicroSDHC Class 10 Memory Card,971
OFF-PA-10002787,Office Supplies,Paper,Xerox 227,972
OFF-BI-10003981,Office Supplies,Binders,"Avery Durable Plastic 1"" Binders",973
OFF-BI-10003727,Office Supplies,Binders,Avery Durable Slant Ring Binders With Label Holder,974
OFF-LA-10002945,Office Supplies,Labels,"Permanent Self-Adhesive File Folder Labels for Typewriters, 1 1/8 x 3 1/2, White",975
OFF-LA-10003537,Office Supplies,Labels,Avery 515,976
TEC-AC-10003433,Technology,Accessories,Maxell 4.7GB DVD+R 5/Pack,977
FUR-BO-10002268,Furniture,Bookcases,Sauder Barrister Bookcases,978
FUR-FU-10001852,Furniture,Furnishings,"Eldon Regeneration Recycled Desk Accessories, Smoke",979
OFF-AP-10000696,Office Supplies,Appliances,Holmes Odor Grabber,980
TEC-PH-10003885,Technology,Phones,Cisco SPA508G,981
TEC-PH-10002070,Technology,Phones,Griffin GC36547 PowerJolt SE Lightning Charger,982
TEC-AC-10001772,Technology,Accessories,Memorex Mini Travel Drive 16 GB USB 2.0 Flash Drive,983
FUR-FU-10001379,Furniture,Furnishings,"Executive Impressions 16-1/2"" Circular Wall Clock",984
FUR-FU-10001731,Furniture,Furnishings,Acrylic Self-Standing Desk Frames,985
OFF-AP-10001492,Office Supplies,Appliances,"Acco Six-Outlet Power Strip, 4' Cord Length",986
FUR-CH-10004997,Furniture,Chairs,Hon Every-Day Series Multi-Task Chairs,987
OFF-AP-10001005,Office Supplies,Appliances,Honeywell Quietcare HEPA Air Cleaner,988
OFF-PA-10000249,Office Supplies,Paper,Easy-staple paper,989
OFF-LA-10001613,Office Supplies,Labels,Avery File Folder Labels,990
OFF-PA-10001125,Office Supplies,Paper,Xerox 1988,991
OFF-ST-10001496,Office Supplies,Storage,Standard Rollaway File with Lock,992
OFF-BI-10002393,Office Supplies,Binders,Binder Posts,993
TEC-PH-10001809,Technology,Phones,Panasonic KX T7736-B Digital phone,994
OFF-LA-10003223,Office Supplies,Labels,Avery 508,995
OFF-AR-10001770,Office Supplies,Art,Economy #2 Pencils,996
FUR-FU-10002157,Furniture,Furnishings,Artistic Insta-Plaque,997
TEC-PH-10001459,Technology,Phones,Samsung Galaxy Mega 6.3,998
OFF-BI-10002026,Office Supplies,Binders,Ibico Recycled Linen-Style Covers,999
FUR-FU-10001473,Furniture,Furnishings,DAX Wood Document Frame,1000
FUR-CH-10000422,Furniture,Chairs,Global Highback Leather Tilter in Burgundy,1001
FUR-FU-10002960,Furniture,Furnishings,"Eldon 200 Class Desk Accessories, Burgundy",1002
FUR-FU-10002445,Furniture,Furnishings,"DAX Two-Tone Rosewood/Black Document Frame, Desktop, 5 x 7",1003
TEC-PH-10001300,Technology,Phones,"iKross Bluetooth Portable Keyboard + Cell Phone Stand Holder + Brush for Apple iPhone 5S 5C 5, 4S 4",1004
FUR-FU-10001025,Furniture,Furnishings,"Eldon Imàge Series Desk Accessories, Clear",1005
OFF-PA-10002689,Office Supplies,Paper,Weyerhaeuser First Choice Laser/Copy Paper (20Lb. and 88 Bright),1006
OFF-BI-10004099,Office Supplies,Binders,GBC VeloBinder Strips,1007
OFF-PA-10004610,Office Supplies,Paper,Xerox 1900,1008
TEC-PH-10004586,Technology,Phones,Wilson SignalBoost 841262 DB PRO Amplifier Kit,1009
OFF-LA-10000081,Office Supplies,Labels,Avery 496,1010
OFF-PA-10004022,Office Supplies,Paper,Hammermill Color Copier Paper (28Lb. and 96 Bright),1011
OFF-LA-10001297,Office Supplies,Labels,Avery 473,1012
TEC-AC-10002217,Technology,Accessories,Imation Clip USB flash drive - 8 GB,1013
TEC-AC-10000927,Technology,Accessories,Anker Ultrathin Bluetooth Wireless Keyboard Aluminum Cover with Stand ,1014
OFF-BI-10000822,Office Supplies,Binders,"Acco PRESSTEX Data Binder with Storage Hooks, Light Blue, 9 1/2"" X 11""",1015
OFF-BI-10004308,Office Supplies,Binders,Avery Legal 4-Ring Binder,1016
TEC-PH-10004908,Technology,Phones,Panasonic KX TS3282W Corded phone,1017
TEC-AC-10002942,Technology,Accessories,WD My Passport Ultra 1TB Portable External Hard Drive,1018
FUR-FU-10003878,Furniture,Furnishings,"Linden 10"" Round Wall Clock, Black",1019
OFF-ST-10000876,Office Supplies,Storage,Eldon Simplefile Box Office,1020
OFF-BI-10000545,Office Supplies,Binders,GBC Ibimaster 500 Manual ProClick Binding System,1021
FUR-FU-10004904,Furniture,Furnishings,"Eldon ""L"" Workstation Diamond Chairmat",1022
OFF-ST-10002790,Office Supplies,Storage,Safco Industrial Shelving,1023
OFF-FA-10000254,Office Supplies,Fasteners,Sterling Rubber Bands by Alliance,1024
OFF-ST-10001558,Office Supplies,Storage,Acco Perma 4000 Stacking Storage Drawers,1025
OFF-AR-10004441,Office Supplies,Art,BIC Brite Liner Highlighters,1026
TEC-PH-10001924,Technology,Phones,iHome FM Clock Radio with Lightning Dock,1027
TEC-AC-10002323,Technology,Accessories,SanDisk Ultra 32 GB MicroSDHC Class 10 Memory Card,1028
OFF-BI-10003527,Office Supplies,Binders,Fellowes PB500 Electric Punch Plastic Comb Binding Machine with Manual Bind,1029
OFF-LA-10003190,Office Supplies,Labels,Avery 474,1030
OFF-BI-10004330,Office Supplies,Binders,"GBC Velobind Prepunched Cover Sets, Regency Series",1031
TEC-PH-10002807,Technology,Phones,Motorla HX550 Universal Bluetooth Headset,1032
OFF-LA-10001404,Office Supplies,Labels,Avery 517,1033
OFF-AP-10004233,Office Supplies,Appliances,Honeywell Enviracaire Portable Air Cleaner for up to 8 x 10 Room,1034
OFF-ST-10004950,Office Supplies,Storage,"Tenex Personal Filing Tote With Secure Closure Lid, Black/Frost",1035
OFF-AR-10000614,Office Supplies,Art,Barrel Sharpener,1036
OFF-AR-10000034,Office Supplies,Art,"BIC Brite Liner Grip Highlighters, Assorted, 5/Pack",1037
TEC-AC-10004761,Technology,Accessories,Maxell 4.7GB DVD+RW 3/Pack,1038
OFF-SU-10000898,Office Supplies,Supplies,"Acme Hot Forged Carbon Steel Scissors with Nickel-Plated Handles, 3 7/8"" Cut, 8""L",1039
TEC-MA-10002694,Technology,Machines,Hewlett-Packard Deskjet F4180 All-in-One Color Ink-jet - Printer / copier / scanner,1040
OFF-SU-10003505,Office Supplies,Supplies,Premier Electric Letter Opener,1041
OFF-PA-10000659,Office Supplies,Paper,"TOPS Carbonless Receipt Book, Four 2-3/4 x 7-1/4 Money Receipts per Page",1042
OFF-PA-10001667,Office Supplies,Paper,Great White Multi-Use Recycled Paper (20Lb. and 84 Bright),1043
OFF-LA-10001474,Office Supplies,Labels,Avery 477,1044
TEC-AC-10001635,Technology,Accessories,KeyTronic KT400U2 - Keyboard - Black,1045
OFF-PA-10001950,Office Supplies,Paper,Southworth 25% Cotton Antique Laid Paper & Envelopes,1046
OFF-ST-10001490,Office Supplies,Storage,"Hot File 7-Pocket, Floor Stand",1047
OFF-BI-10002852,Office Supplies,Binders,Ibico Standard Transparent Covers,1048
OFF-PA-10004327,Office Supplies,Paper,Xerox 1911,1049
TEC-AC-10003023,Technology,Accessories,Logitech G105 Gaming Keyboard,1050
TEC-CO-10003763,Technology,Copiers,Canon PC1060 Personal Laser Copier,1051
FUR-FU-10002597,Furniture,Furnishings,"C-Line Magnetic Cubicle Keepers, Clear Polypropylene",1052
OFF-SU-10004661,Office Supplies,Supplies,Acme Titanium Bonded Scissors,1053
TEC-PH-10001299,Technology,Phones,Polycom CX300 Desktop Phone USB VoIP phone,1054
OFF-LA-10004178,Office Supplies,Labels,Avery 491,1055
OFF-PA-10000210,Office Supplies,Paper,Xerox Blank Computer Paper,1056
TEC-PH-10004094,Technology,Phones,Motorola L703CM,1057
TEC-AC-10002926,Technology,Accessories,Logitech Wireless Marathon Mouse M705,1058
OFF-AR-10003477,Office Supplies,Art,4009 Highlighters,1059
OFF-AP-10004859,Office Supplies,Appliances,Acco 6 Outlet Guardian Premium Surge Suppressor,1060
OFF-PA-10001357,Office Supplies,Paper,Xerox 1886,1061
OFF-ST-10002292,Office Supplies,Storage,"Sauder Facets Collection Locker/File Cabinet, Sky Alder Finish",1062
OFF-EN-10001219,Office Supplies,Envelopes,"#10- 4 1/8"" x 9 1/2"" Security-Tint Envelopes",1063
TEC-AC-10000290,Technology,Accessories,Sabrent 4-Port USB 2.0 Hub,1064
OFF-PA-10003625,Office Supplies,Paper,Xerox 1979,1065
OFF-LA-10004677,Office Supplies,Labels,Self-Adhesive Address Labels for Typewriters with Dispenser Box,1066
OFF-BI-10000216,Office Supplies,Binders,"Mead 1st Gear 2"" Zipper Binder, Asst. Colors",1067
OFF-BI-10001359,Office Supplies,Binders,GBC DocuBind TL300 Electric Binding System,1068
OFF-AR-10000937,Office Supplies,Art,"Dixon Ticonderoga Core-Lock Colored Pencils, 48-Color Set",1069
TEC-PH-10003357,Technology,Phones,Grandstream GXP2100 Mainstream Business Phone,1070
OFF-AR-10003373,Office Supplies,Art,"Boston School Pro Electric Pencil Sharpener, 1670",1071
TEC-PH-10001870,Technology,Phones,Lunatik TT5L-002 Taktik Strike Impact Protection System for iPhone 5,1072
OFF-PA-10003936,Office Supplies,Paper,Xerox 1994,1073
OFF-BI-10001510,Office Supplies,Binders,Deluxe Heavy-Duty Vinyl Round Ring Binder,1074
FUR-CH-10002780,Furniture,Chairs,Office Star - Task Chair with Contemporary Loop Arms,1075
FUR-FU-10000723,Furniture,Furnishings,"Deflect-o EconoMat Studded, No Bevel Mat for Low Pile Carpeting",1076
FUR-FU-10004053,Furniture,Furnishings,DAX Two-Tone Silver Metal Document Frame,1077
OFF-AR-10004260,Office Supplies,Art,Boston 1799 Powerhouse Electric Pencil Sharpener,1078
OFF-PA-10001846,Office Supplies,Paper,Xerox 1899,1079
FUR-FU-10001475,Furniture,Furnishings,"Contract Clock, 14"", Brown",1080
OFF-LA-10002195,Office Supplies,Labels,Avery 481,1081
FUR-CH-10001854,Furniture,Chairs,Office Star - Professional Matrix Back Chair with 2-to-1 Synchro Tilt and Mesh Fabric Seat,1082
OFF-FA-10001561,Office Supplies,Fasteners,Stockwell Push Pins,1083
OFF-AR-10000538,Office Supplies,Art,"Boston Model 1800 Electric Pencil Sharpener, Gray",1084
TEC-AC-10004518,Technology,Accessories,Memorex Mini Travel Drive 32 GB USB 2.0 Flash Drive,1085
OFF-PA-10002659,Office Supplies,Paper,Avoid Verbal Orders Carbonless Minifold Book,1086
OFF-ST-10001418,Office Supplies,Storage,Carina Media Storage Towers in Natural & Black,1087
FUR-FU-10003806,Furniture,Furnishings,"Tenex Chairmat w/ Average Lip, 45"" x 53""",1088
OFF-BI-10000778,Office Supplies,Binders,GBC VeloBinder Electric Binding Machine,1089
OFF-EN-10003862,Office Supplies,Envelopes,Laser & Ink Jet Business Envelopes,1090
OFF-AP-10002892,Office Supplies,Appliances,Belkin F5C206VTEL 6 Outlet Surge,1091
OFF-AR-10000914,Office Supplies,Art,Boston 16765 Mini Stand Up Battery Pencil Sharpener,1092
FUR-CH-10004754,Furniture,Chairs,"Global Stack Chair with Arms, Black",1093
OFF-PA-10000304,Office Supplies,Paper,Xerox 1995,1094
OFF-AR-10002240,Office Supplies,Art,Panasonic KP-150 Electric Pencil Sharpener,1095
OFF-BI-10003638,Office Supplies,Binders,GBC Durable Plastic Covers,1096
OFF-PA-10000141,Office Supplies,Paper,"Ampad Evidence Wirebond Steno Books, 6"" x 9""",1097
OFF-LA-10003923,Office Supplies,Labels,Alphabetical Labels for Top Tab Filing,1098
OFF-LA-10001771,Office Supplies,Labels,Avery 513,1099
TEC-PH-10003356,Technology,Phones,"SmartStand Mobile Device Holder, Assorted Colors",1100
OFF-ST-10002615,Office Supplies,Storage,"Dual Level, Single-Width Filing Carts",1101
OFF-AP-10000595,Office Supplies,Appliances,Disposable Triple-Filter Dust Bags,1102
OFF-BI-10000174,Office Supplies,Binders,"Wilson Jones Clip & Carry Folder Binder Tool for Ring Binders, Clear",1103
TEC-PH-10002262,Technology,Phones,LG Electronics Tone+ HBS-730 Bluetooth Headset,1104
FUR-FU-10001756,Furniture,Furnishings,"Eldon Expressions Desk Accessory, Wood Photo Frame, Mahogany",1105
FUR-FU-10002379,Furniture,Furnishings,Eldon Econocleat Chair Mats for Low Pile Carpets,1106
FUR-FU-10004018,Furniture,Furnishings,Tensor Computer Mounted Lamp,1107
OFF-PA-10000994,Office Supplies,Paper,Xerox 1915,1108
OFF-PA-10001776,Office Supplies,Paper,"Wirebound Message Books, Four 2 3/4"" x 5"" Forms per Page, 600 Sets per Book",1109
OFF-PA-10004039,Office Supplies,Paper,Xerox 1882,1110
OFF-AR-10004752,Office Supplies,Art,Blackstonian Pencils,1111
TEC-PH-10002496,Technology,Phones,Cisco SPA301,1112
OFF-FA-10003467,Office Supplies,Fasteners,"Alliance Big Bands Rubber Bands, 12/Pack",1113
OFF-PA-10002195,Office Supplies,Paper,"RSVP Cards & Envelopes, Blank White, 8-1/2"" X 11"", 24 Cards/25 Envelopes/Set",1114
TEC-PH-10001305,Technology,Phones,Panasonic KX TS208W Corded phone,1115
